resp,pred,type,mdl,f,term,estimate,std.error,statistic,p.value
g_cnt,slp_shp_cir,numeric,lm2,g_cnt ~ slp_shp_cir + I(slp_shp_cir^2),(Intercept),102.1904761904763,40.76411435492731,2.506873454939275,0.01670134923870453
g_cnt,slp_shp_cir,numeric,lm2,g_cnt ~ slp_shp_cir + I(slp_shp_cir^2),slp_shp_cir,369.05555555555503,95.96176138307885,3.845860582761577,4.577161900228297e-4
g_cnt,slp_shp_cir,numeric,lm2,g_cnt ~ slp_shp_cir + I(slp_shp_cir^2),I(slp_shp_cir^2),328.75396825396757,104.26107934835775,3.15318017335628,0.0031988875208581735
g_cnt,plant,numeric,lm1,g_cnt ~ plant,(Intercept),587.6959204704634,178.3163914099779,3.295804248972583,0.0021326217279819437
g_cnt,plant,numeric,lm1,g_cnt ~ plant,plant,-4.9981590385038634,1.8043749625928003,-2.7700223856585486,0.008623992245767334
g_cnt,plant,numeric,lm2,g_cnt ~ plant + I(plant^2),(Intercept),1285.3616624175725,601.1570833288772,2.1381460820522094,0.03917529649975043
g_cnt,plant,numeric,lm2,g_cnt ~ plant + I(plant^2),plant,-19.27369327245225,11.890182249282248,-1.6209754290028404,0.11351539771986847
g_cnt,plant,numeric,lm2,g_cnt ~ plant + I(plant^2),I(plant^2),0.07075234423157456,0.058256042814754404,1.2145065269290012,0.23224890091665107
g_cnt,hlf_sat,numeric,lm2,g_cnt ~ hlf_sat + I(hlf_sat^2),(Intercept),1512.3921258048642,565.1995156777995,2.6758553110067176,0.01103930282472707
g_cnt,hlf_sat,numeric,lm2,g_cnt ~ hlf_sat + I(hlf_sat^2),hlf_sat,-9198.733288583333,3958.554948934253,-2.323760414405735,0.025738036495872283
g_cnt,hlf_sat,numeric,lm2,g_cnt ~ hlf_sat + I(hlf_sat^2),I(hlf_sat^2),13291.772588078416,6503.873133275495,2.0436703354612304,0.04815442538138313
g_cnt,al,numeric,lm2,g_cnt ~ al + I(al^2),(Intercept),69.6961187827447,36.53968989219984,1.9074086011228792,0.0642531609517397
g_cnt,al,numeric,lm2,g_cnt ~ al + I(al^2),al,100.44496122709016,34.930974121628374,2.8755270573716176,0.006653065300219711
g_cnt,al,numeric,lm2,g_cnt ~ al + I(al^2),I(al^2),-9.93316123386233,3.5138017884525476,-2.8268985651113865,0.0075386269967541815
g_cnt,wt_lbs,numeric,lm1,g_cnt ~ wt_lbs,(Intercept),233.9565505574002,66.73091691896353,3.5059693671152696,0.0011848549723814932
g_cnt,wt_lbs,numeric,lm1,g_cnt ~ wt_lbs,wt_lbs,-0.048608831184522694,0.021417073350851697,-2.269629953085521,0.0289890002653227
g_cnt,wt_g,numeric,lm1,g_cnt ~ wt_g,(Intercept),233.95655055740022,66.73091691896357,3.5059693671152674,0.0011848549723815001
g_cnt,wt_g,numeric,lm1,g_cnt ~ wt_g,wt_g,-4.668072266340097,2.0567547850670276,-2.2696299530855204,0.028989000265322723
g_cnt,dstrb_cir,integer,lm1,g_cnt ~ dstrb_cir,(Intercept),34.66258667093213,44.63977383918498,0.7764955708737297,0.442263137462898
g_cnt,dstrb_cir,integer,lm1,g_cnt ~ dstrb_cir,dstrb_cir,7.488785807178472,3.4285075417019795,2.184269894725356,0.03518267133496942
g_cnt,hlf_sat,numeric,lm1,g_cnt ~ hlf_sat,(Intercept),391.6080556373448,142.30708686747735,2.7518520985678494,0.009031571423411051
g_cnt,hlf_sat,numeric,lm1,g_cnt ~ hlf_sat,hlf_sat,-1185.4241691970979,565.9770482467704,-2.0944739241090984,0.042939410005088
g_cov,al,numeric,lm2,g_cov ~ al + I(al^2),(Intercept),0.27456207694668455,0.5730850697402999,0.4790948001334348,0.6346906810245168
g_cov,al,numeric,lm2,g_cov ~ al + I(al^2),al,1.958123333948976,0.5478541224528388,3.5741692061786723,9.986003657025892e-4
g_cov,al,numeric,lm2,g_cov ~ al + I(al^2),I(al^2),-0.18494936691264133,0.05511013774144774,-3.3559953665937385,0.0018392721507618302
g_cov,plant,numeric,lm1,g_cov ~ plant,(Intercept),7.80701190351305,3.0171581803888734,2.587538152377157,0.013615974188845949
g_cov,plant,numeric,lm1,g_cov ~ plant,plant,-0.0697199887279676,0.030530478077917773,-2.2836192918444667,0.028072633364860596
g_cov,plant,numeric,lm2,g_cov ~ plant + I(plant^2),(Intercept),21.370269862976777,10.106612137483962,2.114484020190855,0.04127322797389492
g_cov,plant,numeric,lm2,g_cov ~ plant + I(plant^2),plant,-0.34724938666546334,0.19989693803832428,-1.7371420996898344,0.09068146178262415
g_cov,plant,numeric,lm2,g_cov ~ plant + I(plant^2),I(plant^2),0.001375490064011732,9.793966431088043e-4,1.4044259531517758,0.1685314496180655
g_cov,nonnativ,numeric,lm1,g_cov ~ nonnativ,(Intercept),5.563827584197953,2.1985162206095716,2.5307193697462456,0.015644803292931678
g_cov,nonnativ,numeric,lm1,g_cov ~ nonnativ,nonnativ,-0.05256314515573772,0.024690976560432783,-2.1288402679045917,0.03980877734302216
g_flwr,al,numeric,lm2,g_flwr ~ al + I(al^2),(Intercept),14.290750470566621,4.034992014185117,3.541704771738612,0.0010946362181982723
g_flwr,al,numeric,lm2,g_flwr ~ al + I(al^2),al,23.370064159714875,3.857345315307818,6.058587512756796,5.230625212958744e-7
g_flwr,al,numeric,lm2,g_flwr ~ al + I(al^2),I(al^2),-2.078884458772079,0.38802086710818084,-5.3576614945105066,4.6512674860119515e-6
g_flwr,dstrb_cir,integer,lm1,g_flwr ~ dstrb_cir,(Intercept),10.719008839218043,5.90309035962015,1.8158300459943808,0.07729308113975676
g_flwr,dstrb_cir,integer,lm1,g_flwr ~ dstrb_cir,dstrb_cir,1.619718897566606,0.45338020506591903,3.572539955358456,9.806258539686828e-4
g_flwr,pb,numeric,lm1,g_flwr ~ pb,(Intercept),59.03951299261507,10.833738230687056,5.449597519846194,3.236524626168129e-6
g_flwr,pb,numeric,lm1,g_flwr ~ pb,pb,-33.01525775644782,9.674884531498936,-3.412470469178069,0.001541773622646733
g_flwr,pb,numeric,lm2,g_flwr ~ pb + I(pb^2),(Intercept),83.43276757111516,21.437591345293548,3.891890941816659,4.002830895570275e-4
g_flwr,pb,numeric,lm2,g_flwr ~ pb + I(pb^2),pb,-84.57034699702064,40.376499116448905,-2.094543827415876,0.04311743374877194
g_flwr,pb,numeric,lm2,g_flwr ~ pb + I(pb^2),I(pb^2),22.719394126244605,17.28471625967079,1.3144210055246417,0.1967947600535414
g_flwr,wt_g,numeric,lm1,g_flwr ~ wt_g,(Intercept),50.017051523223955,9.149627157244907,5.466567179583835,3.0679567578105515e-6
g_flwr,wt_g,numeric,lm1,g_flwr ~ wt_g,wt_g,-0.8754908025805801,0.28200630691311296,-3.1045078819826593,0.003591652395304674
g_flwr,wt_lbs,numeric,lm1,g_flwr ~ wt_lbs,(Intercept),50.01705152322394,9.149627157244902,5.466567179583836,3.0679567578105515e-6
g_flwr,wt_lbs,numeric,lm1,g_flwr ~ wt_lbs,wt_lbs,-0.00911652223833443,0.0029365434345466263,-3.1045078819826593,0.003591652395304674
g_flwr,moist,numeric,lm2,g_flwr ~ moist + I(moist^2),(Intercept),54.86455969180257,9.994874266848438,5.48926962230835,3.0874564872207917e-6
g_flwr,moist,numeric,lm2,g_flwr ~ moist + I(moist^2),moist,-1119.1174906136926,379.1822851697489,-2.9513970836287777,0.005463512225442114
g_flwr,moist,numeric,lm2,g_flwr ~ moist + I(moist^2),I(moist^2),4523.327951326063,2087.1054115815405,2.1672733567867244,0.0367226169088745
g_flwr,dstrb_cir,integer,lm2,g_flwr ~ dstrb_cir + I(dstrb_cir^2),(Intercept),8.345281369673287,7.896687641088654,1.056807835002929,0.29745082651375765
g_flwr,dstrb_cir,integer,lm2,g_flwr ~ dstrb_cir + I(dstrb_cir^2),dstrb_cir,2.351423774116124,1.659441358637282,1.4169972092578744,0.16484942928493776
g_flwr,dstrb_cir,integer,lm2,g_flwr ~ dstrb_cir + I(dstrb_cir^2),I(dstrb_cir^2),-0.024519914783422463,0.053447463318838484,-0.4587666703123026,0.6490853734864392
g_flwr,li,numeric,lm1,g_flwr ~ li,(Intercept),80.68637514553596,19.163827736077028,4.210347549390622,1.505483713240395e-4
g_flwr,li,numeric,lm1,g_flwr ~ li,li,-277.87898237549285,93.28091193819998,-2.978947960538721,0.005017764897489919
g_flwr,na,numeric,lm1,g_flwr ~ na,(Intercept),43.54555130705477,7.620699763187308,5.7141145380646945,1.4046407147460827e-6
g_flwr,na,numeric,lm1,g_flwr ~ na,na,-0.32590796961954516,0.10945624172548947,-2.9775183624238197,0.005036716629013443
g_flwr,asp_cir,factor,lm1,g_flwr ~ asp_cir,(Intercept),27.499999999999975,12.79360904091049,2.1495107371237028,0.03925772255528447
g_flwr,asp_cir,factor,lm1,g_flwr ~ asp_cir,asp_cirN,-27.5,17.16442769581903,-1.6021507088580964,0.1189491585811391
g_flwr,asp_cir,factor,lm1,g_flwr ~ asp_cir,asp_cirNE,43.250000000000036,18.092895417354658,2.390441054476817,0.022884425093856568
g_flwr,asp_cir,factor,lm1,g_flwr ~ asp_cir,asp_cirNW,11.833333333333359,16.51647825111165,0.7164562053376549,0.478906286641236
g_flwr,asp_cir,factor,lm1,g_flwr ~ asp_cir,asp_cirS,-10.249999999999966,18.092895417354672,-0.5665207123326532,0.5749921149891473
g_flwr,asp_cir,factor,lm1,g_flwr ~ asp_cir,asp_cirSE,-27.49999999999996,17.164427695819036,-1.6021507088580935,0.11894915858113969
g_flwr,asp_cir,factor,lm1,g_flwr ~ asp_cir,asp_cirSW,2.5000000000000253,15.668907059444193,0.15955165159354168,0.8742370939805953
g_flwr,asp_cir,factor,lm1,g_flwr ~ asp_cir,asp_cirW,-10.25000000000001,18.09289541735466,-0.566520712332656,0.5749921149891454
g_flwr,cu,numeric,lm1,g_flwr ~ cu,(Intercept),35.45361374067247,5.739737658364431,6.1768700680956155,3.256754909337579e-7
g_flwr,cu,numeric,lm1,g_flwr ~ cu,cu,-6.382590739980945,2.212857998409321,-2.884320071404931,0.006427865543041449
g_flwr,ph,numeric,lm2,g_flwr ~ ph + I(ph^2),(Intercept),1371.2737312044567,556.0078179686199,2.4662849817731325,0.018409033230726332
g_flwr,ph,numeric,lm2,g_flwr ~ ph + I(ph^2),ph,-399.7508142897037,174.80941796816998,-2.28678076350836,0.02802700742390446
g_flwr,ph,numeric,lm2,g_flwr ~ ph + I(ph^2),I(ph^2),28.892899859602498,13.6337202315181,2.119223467180191,0.040845252730992605
g_flwr,dstrb,integer,lm1,g_flwr ~ dstrb,(Intercept),15.298443014324281,5.66125965022577,2.702303720288502,0.010235583706988198
g_flwr,dstrb,integer,lm1,g_flwr ~ dstrb,dstrb,1.9271330703757519,0.6698660221314574,2.876893299116406,0.006552956093301076
g_flwr,cu,numeric,lm2,g_flwr ~ cu + I(cu^2),(Intercept),43.4674901859486,7.6835800772773695,5.657192317744548,1.8291231014185336e-6
g_flwr,cu,numeric,lm2,g_flwr ~ cu + I(cu^2),cu,-19.285420313278372,8.678467793769789,-2.2222148853422308,0.032464345624861286
g_flwr,cu,numeric,lm2,g_flwr ~ cu + I(cu^2),I(cu^2),1.8973373439468024,1.2354503030717958,1.5357455813716712,0.13310890491173366
g_flwr,li,numeric,lm2,g_flwr ~ li + I(li^2),(Intercept),141.40849760885965,51.29861706421423,2.756575239286632,0.009015187113060232
g_flwr,li,numeric,lm2,g_flwr ~ li + I(li^2),li,-873.011546689329,476.06145825666846,-1.8338210992469064,0.07473376017679173
g_flwr,li,numeric,lm2,g_flwr ~ li + I(li^2),I(li^2),1378.1401341809756,1081.3876442770004,1.2744182361195548,0.21046141190477463
g_flwr,moist,numeric,lm1,g_flwr ~ moist,(Intercept),37.92677902972821,6.526575725775523,5.811129851744966,1.0338718886472533e-6
g_flwr,moist,numeric,lm1,g_flwr ~ moist,moist,-338.6855868825635,124.42219626434371,-2.722067260113317,0.009738540498687089
g_flwr,na,numeric,lm2,g_flwr ~ na + I(na^2),(Intercept),56.85137849962842,13.381403573019334,4.248536275690598,1.3939623581823264e-4
g_flwr,na,numeric,lm2,g_flwr ~ na + I(na^2),na,-0.7813074413569752,0.3928952830032876,-1.9885895177581898,0.05418097808610595
g_flwr,na,numeric,lm2,g_flwr ~ na + I(na^2),I(na^2),0.0025506078124450196,0.002114467303050938,1.206264957970634,0.23537205254425522
g_flwr,wt_g,numeric,lm2,g_flwr ~ wt_g + I(wt_g^2),(Intercept),63.30543547005042,18.254504559649817,3.4679350109551716,0.0013469986121592609
g_flwr,wt_g,numeric,lm2,g_flwr ~ wt_g + I(wt_g^2),wt_g,-1.82020646868714,1.1567094412080499,-1.573607341517109,0.1240914465929053
g_flwr,wt_g,numeric,lm2,g_flwr ~ wt_g + I(wt_g^2),I(wt_g^2),0.012841649701539833,0.015245154061479351,0.8423430586370678,0.4050080708560765
g_flwr,wt_lbs,numeric,lm2,g_flwr ~ wt_lbs + I(wt_lbs^2),(Intercept),63.30543547005033,18.25450455964977,3.467935010955175,0.0013469986121592468
g_flwr,wt_lbs,numeric,lm2,g_flwr ~ wt_lbs + I(wt_lbs^2),wt_lbs,-0.018953885867486493,0.012044863650174088,-1.5736073415171077,0.12409144659290566
g_flwr,wt_lbs,numeric,lm2,g_flwr ~ wt_lbs + I(wt_lbs^2),I(wt_lbs^2),1.3924385372610436e-6,1.6530539700939033e-6,0.842343058637066,0.4050080708560776
g_flwr,hlf_sat,numeric,lm1,g_flwr ~ hlf_sat,(Intercept),76.45276917784847,19.894420167288903,3.842925229032549,4.487108658897139e-4
g_flwr,hlf_sat,numeric,lm1,g_flwr ~ hlf_sat,hlf_sat,-209.5285041030304,79.12315156411572,-2.6481314250133674,0.011720811697029543
g_flwr,plant,numeric,lm1,g_flwr ~ plant,(Intercept),91.77997938945904,25.93622994568638,3.5386785042258446,0.0010798677809414298
g_flwr,plant,numeric,lm1,g_flwr ~ plant,plant,-0.6847080893288,0.2624474596418255,-2.6089339567746386,0.012916763730225472
g_flwr,hrb_ht,numeric,lm1,g_flwr ~ hrb_ht,(Intercept),41.79824642576227,7.924567867027727,5.274514286094387,5.616017973481819e-6
g_flwr,hrb_ht,numeric,lm1,g_flwr ~ hrb_ht,hrb_ht,-0.9260861518530515,0.36009604759272557,-2.571775386161611,0.01415315358656667
g_flwr,al,numeric,lm1,g_flwr ~ al,(Intercept),18.990922930252378,5.178849963624971,3.6670154693880246,7.47985953641686e-4
g_flwr,al,numeric,lm1,g_flwr ~ al,al,3.434522873167654,1.3369209879891784,2.5689796959006634,0.01425043378162847
g_flwr,ca_mgl,numeric,lm1,g_flwr ~ ca_mgl,(Intercept),47.67553678814383,9.915723525086074,4.808074435267192,2.4135850774359574e-5
g_flwr,ca_mgl,numeric,lm1,g_flwr ~ ca_mgl,ca_mgl,-1.618063195880219,0.6321452624746979,-2.5596382539448093,0.014579947551291515
g_flwr,ca_mil,numeric,lm1,g_flwr ~ ca_mil,(Intercept),47.675536788143845,9.915723525086078,4.808074435267192,2.4135850774359574e-5
g_flwr,ca_mil,numeric,lm1,g_flwr ~ ca_mil,ca_mil,-32.36126391760438,12.64290524949396,-2.5596382539448093,0.014579947551291515
g_flwr,ph,numeric,lm1,g_flwr ~ ph,(Intercept),201.41135486370902,69.42365089372737,2.901192205694085,0.006151937382989046
g_flwr,ph,numeric,lm1,g_flwr ~ ph,ph,-30.066767015901913,11.81807056609097,-2.5441350047588194,0.015142259917216657
g_flwr,cation,numeric,lm1,g_flwr ~ cation,(Intercept),51.552576094155604,11.468207550872037,4.495260123735341,6.334439803910601e-5
g_flwr,cation,numeric,lm1,g_flwr ~ cation,cation,-11.169116739355813,4.448137328634557,-2.510964908267433,0.01641259985948185
g_flwr,cation,numeric,lm2,g_flwr ~ cation + I(cation^2),(Intercept),88.4849696903019,26.697084288902616,3.3144057505591773,0.0020627475706708944
g_flwr,cation,numeric,lm2,g_flwr ~ cation + I(cation^2),cation,-36.75129234627712,17.323865008055915,-2.121425693930719,0.04064772545775071
g_flwr,cation,numeric,lm2,g_flwr ~ cation + I(cation^2),I(cation^2),3.5329223842547064,2.3149893156132895,1.5261074253894604,0.13548683241553391
g_flwr,dstrb,integer,lm2,g_flwr ~ dstrb + I(dstrb^2),(Intercept),12.466241835927436,6.731875820146865,1.8518229047866586,0.07204383382438263
g_flwr,dstrb,integer,lm2,g_flwr ~ dstrb + I(dstrb^2),dstrb,3.0730728772028306,1.6038598543263143,1.9160482562821206,0.06310966968196964
g_flwr,dstrb,integer,lm2,g_flwr ~ dstrb + I(dstrb^2),I(dstrb^2),-0.04257249326695033,0.054080909864465294,-0.7872000188910145,0.43617851398646446
g_flwr,nonnativ,numeric,lm1,g_flwr ~ nonnativ,(Intercept),69.98223090815681,18.92917437368455,3.6970566981223714,6.858949230814024e-4
g_flwr,nonnativ,numeric,lm1,g_flwr ~ nonnativ,nonnativ,-0.5189025003839814,0.21258874343870068,-2.4408747706512757,0.0194224372610845
g_flwr,mg,numeric,lm1,g_flwr ~ mg,(Intercept),42.25994441961752,8.468802194713675,4.990073383222561,1.3694452370167753e-5
g_flwr,mg,numeric,lm1,g_flwr ~ mg,mg,-0.0673416341396546,0.027957920689306807,-2.4086782020742716,0.020966401877638333
g_flwr,rel_infil,factor,lm1,g_flwr ~ rel_infil,(Intercept),45.166666666666664,8.200861845628147,5.5075512204543315,3.1644111897601104e-6
g_flwr,rel_infil,factor,lm1,g_flwr ~ rel_infil,rel_infilfair/slow,-21.944444444444468,12.527023390488752,-1.751768457709273,0.08832959068561241
g_flwr,rel_infil,factor,lm1,g_flwr ~ rel_infil,rel_infilslow,-42.499999999999986,14.204309382481023,-2.992049726290645,0.004979609064010562
g_flwr,rel_infil,factor,lm1,g_flwr ~ rel_infil,rel_infilslow/fair,-26.705128205128194,11.372549187464815,-2.348209514412427,0.02447589522158086
g_flwr,hlf_sat,numeric,lm2,g_flwr ~ hlf_sat + I(hlf_sat^2),(Intercept),158.90773315346306,82.17578961284703,1.933753650583968,0.06082090300553707
g_flwr,hlf_sat,numeric,lm2,g_flwr ~ hlf_sat + I(hlf_sat^2),hlf_sat,-799.0596478368076,575.5443336932303,-1.3883546428288054,0.17333179821064515
g_flwr,hlf_sat,numeric,lm2,g_flwr ~ hlf_sat + I(hlf_sat^2),I(hlf_sat^2),977.8624260409557,945.6145935082025,1.0341025114820983,0.3078002117034176
g_flwr,fe,numeric,lm2,g_flwr ~ fe + I(fe^2),(Intercept),-12.319306799767855,14.292676179219136,-0.8619314287466706,0.39427730201585764
g_flwr,fe,numeric,lm2,g_flwr ~ fe + I(fe^2),fe,0.6521337124169921,0.26255189977689963,2.48382781831377,0.01765231275682136
g_flwr,fe,numeric,lm2,g_flwr ~ fe + I(fe^2),I(fe^2),-0.0020039278746792075,0.0010495916604108604,-1.909245233422276,0.06400859651209037
g_flwr,mg_mgl,numeric,lm2,g_flwr ~ mg_mgl + I(mg_mgl^2),(Intercept),69.8320296093405,17.441837540260646,4.003708293243107,2.884098831013426e-4
g_flwr,mg_mgl,numeric,lm2,g_flwr ~ mg_mgl + I(mg_mgl^2),mg_mgl,-7.874543111535013,3.06959547903018,-2.5653357796913774,0.014495238082525761
g_flwr,mg_mgl,numeric,lm2,g_flwr ~ mg_mgl + I(mg_mgl^2),I(mg_mgl^2),0.14358799402523728,0.06473982758691178,2.217923639547442,0.03278035883068605
g_flwr,mg_mil,numeric,lm2,g_flwr ~ mg_mil + I(mg_mil^2),(Intercept),69.83202960934041,17.44183754026066,4.003708293243099,2.8840988310134855e-4
g_flwr,mg_mil,numeric,lm2,g_flwr ~ mg_mil + I(mg_mil^2),mg_mil,-95.28197164957339,37.14210529626517,-2.5653357796913703,0.01449523808252603
g_flwr,mg_mil,numeric,lm2,g_flwr ~ mg_mil + I(mg_mil^2),I(mg_mil^2),21.022718205234916,9.478558156999748,2.2179236395474358,0.03278035883068649
g_flwr,mo,numeric,lm1,g_flwr ~ mo,(Intercept),41.44725599944346,8.692345840058875,4.768247463007377,2.7309699544071523e-5
g_flwr,mo,numeric,lm1,g_flwr ~ mo,mo,-574.9965980289647,258.9749245643875,-2.2202790443752267,0.032439137750596
g_flwr,bare,integer,lm2,g_flwr ~ bare + I(bare^2),(Intercept),5.769134204810141,8.552199315958994,0.6745790166565152,0.5041367412811557
g_flwr,bare,integer,lm2,g_flwr ~ bare + I(bare^2),bare,3.4838074973412327,1.4653275155570207,2.377494082622832,0.022711457455894115
g_flwr,bare,integer,lm2,g_flwr ~ bare + I(bare^2),I(bare^2),-0.07104785217802964,0.03814156346597439,-1.862740950339137,0.070452946834481
g_flwr,hrb_ht,numeric,lm2,g_flwr ~ hrb_ht + I(hrb_ht^2),(Intercept),52.71119326915646,14.124638618286198,3.731861373140896,6.365144387418417e-4
g_flwr,hrb_ht,numeric,lm2,g_flwr ~ hrb_ht + I(hrb_ht^2),hrb_ht,-2.025715329456615,1.2312540612634715,-1.6452456021772581,0.10838960878384468
g_flwr,hrb_ht,numeric,lm2,g_flwr ~ hrb_ht + I(hrb_ht^2),I(hrb_ht^2),0.018222995859157088,0.019509065707329434,0.9340783476017933,0.35631970848906747
g_flwr,ca_mgl,numeric,lm2,g_flwr ~ ca_mgl + I(ca_mgl^2),(Intercept),66.43376872872689,22.11812284070463,3.003589825736336,0.004764486578662795
g_flwr,ca_mgl,numeric,lm2,g_flwr ~ ca_mgl + I(ca_mgl^2),ca_mgl,-3.974510398161692,2.56226115106944,-1.5511730318756953,0.1293727458328042
g_flwr,ca_mgl,numeric,lm2,g_flwr ~ ca_mgl + I(ca_mgl^2),I(ca_mgl^2),0.056941383277424235,0.0599957142129028,0.9490908479789096,0.34873273585647646
g_flwr,ca_mil,numeric,lm2,g_flwr ~ ca_mil + I(ca_mil^2),(Intercept),66.43376872872686,22.118122840704647,3.0035898257363325,0.004764486578662839
g_flwr,ca_mil,numeric,lm2,g_flwr ~ ca_mil + I(ca_mil^2),ca_mil,-79.49020796323373,51.2452230213888,-1.5511730318756929,0.12937274583280484
g_flwr,ca_mil,numeric,lm2,g_flwr ~ ca_mil + I(ca_mil^2),I(ca_mil^2),22.77655331096964,23.998285685161118,0.9490908479789073,0.34873273585647757
g_flwr,plant,numeric,lm2,g_flwr ~ plant + I(plant^2),(Intercept),149.5820688069382,88.60824548233141,1.6881280968007095,0.09979963153541398
g_flwr,plant,numeric,lm2,g_flwr ~ plant + I(plant^2),plant,-1.8674459774900414,1.7525672021362202,-1.0655488561087954,0.2935318197355842
g_flwr,plant,numeric,lm2,g_flwr ~ plant + I(plant^2),I(plant^2),0.005861880671331254,0.008586716992462004,0.6826684373640364,0.4990685721950263
g_flwr,salin,numeric,lm1,g_flwr ~ salin,(Intercept),50.5232258689649,12.753384259089025,3.9615544268540512,3.1645801637903776e-4
g_flwr,salin,numeric,lm1,g_flwr ~ salin,salin,-104.09949022162179,48.69953393933729,-2.1375869911053687,0.03904485009414553
g_flwr,gyps,numeric,lm1,g_flwr ~ gyps,(Intercept),32.51954529868726,5.817460059040366,5.589990299658647,2.0785977393192173e-6
g_flwr,gyps,numeric,lm1,g_flwr ~ gyps,gyps,-0.23136484707933436,0.10826981767350649,-2.1369283891936313,0.039101917590171405
g_flwr,na_mil,numeric,lm1,g_flwr ~ na_mil,(Intercept),47.4525693371901,11.904784351249585,3.986008308685511,2.943540676354089e-4
g_flwr,na_mil,numeric,lm1,g_flwr ~ na_mil,na_mil,-26.695792429235343,13.09842843672817,-2.038091253327764,0.048545269972218946
g_flwr,na_mgl,numeric,lm1,g_flwr ~ na_mgl,(Intercept),47.45256933719008,11.904784351249585,3.986008308685509,2.9435406763541e-4
g_flwr,na_mgl,numeric,lm1,g_flwr ~ na_mgl,na_mgl,-1.1606866273580576,0.5694968885533986,-2.038091253327763,0.04854526997221904
g_fruit,wt_g,numeric,lm2,g_fruit ~ wt_g + I(wt_g^2),(Intercept),69.01014943168306,14.633303613277668,4.715965120074871,3.38069061702126e-5
g_fruit,wt_g,numeric,lm2,g_fruit ~ wt_g + I(wt_g^2),wt_g,-2.8592722368058805,0.927249512044103,-3.083606084086981,0.003854249509955081
g_fruit,wt_g,numeric,lm2,g_fruit ~ wt_g + I(wt_g^2),I(wt_g^2),0.027664802619722647,0.012220927020168882,2.26372373994754,0.02954504423349171
g_fruit,wt_lbs,numeric,lm2,g_fruit ~ wt_lbs + I(wt_lbs^2),(Intercept),69.01014943168288,14.633303613277635,4.715965120074869,3.3806906170212795e-5
g_fruit,wt_lbs,numeric,lm2,g_fruit ~ wt_lbs + I(wt_lbs^2),wt_lbs,-0.02977372104362432,0.00965548783849933,-3.083606084086974,0.0038542495099551503
g_fruit,wt_lbs,numeric,lm2,g_fruit ~ wt_lbs + I(wt_lbs^2),I(wt_lbs^2),2.9997343167523853e-6,1.325132684618977e-6,2.263723739947533,0.029545044233492183
g_fruit,wt_g,numeric,lm1,g_fruit ~ wt_g,(Intercept),40.38294595174669,7.752061317130887,5.209317148008939,6.892500754797096e-6
g_fruit,wt_g,numeric,lm1,g_fruit ~ wt_g,wt_g,-0.8240685797972405,0.23893106740169742,-3.4489804476192036,0.0013916008656506425
g_fruit,wt_lbs,numeric,lm1,g_fruit ~ wt_lbs,(Intercept),40.38294595174666,7.752061317130884,5.209317148008938,6.892500754797096e-6
g_fruit,wt_lbs,numeric,lm1,g_fruit ~ wt_lbs,wt_lbs,-0.008581060488002954,0.0024879991691244227,-3.448980447619202,0.0013916008656506497
g_fruit,sar,numeric,lm2,g_fruit ~ sar + I(sar^2),(Intercept),51.52256518195855,21.57652971487785,2.387898603844146,0.022164015786128196
g_fruit,sar,numeric,lm2,g_fruit ~ sar + I(sar^2),sar,-70.24295791474809,33.100097106130676,-2.1221375178907844,0.040584059335082676
g_fruit,sar,numeric,lm2,g_fruit ~ sar + I(sar^2),I(sar^2),30.362136377955142,11.415728906613992,2.6596756655953935,0.01149253593975179
g_fruit,hrb_ht,numeric,lm2,g_fruit ~ hrb_ht + I(hrb_ht^2),(Intercept),47.29688561305697,12.055732324983351,3.9231864426056164,3.653013822216391e-4
g_fruit,hrb_ht,numeric,lm2,g_fruit ~ hrb_ht + I(hrb_ht^2),hrb_ht,-2.4377111617214275,1.0509061355682394,-2.319627870859583,0.02598520952475095
g_fruit,hrb_ht,numeric,lm2,g_fruit ~ hrb_ht + I(hrb_ht^2),I(hrb_ht^2),0.027792751888999885,0.016651475512696193,1.6690864342807843,0.10354162663776503
g_fruit,hrb_ht,numeric,lm1,g_fruit ~ hrb_ht,(Intercept),30.653034824719686,6.9325683152975754,4.421598667420262,7.934052110119436e-5
g_fruit,hrb_ht,numeric,lm1,g_fruit ~ hrb_ht,hrb_ht,-0.7606147534662779,0.315019126833668,-2.414503402099413,0.02067907065758701
g_fruit,cu,numeric,lm1,g_fruit ~ cu,(Intercept),23.565866817728523,5.220089948614611,4.514456082118432,5.972610318739795e-5
g_fruit,cu,numeric,lm1,g_fruit ~ cu,cu,-4.07712964102886,2.0125166832972554,-2.025886132953192,0.049839718839830086
g_head,al,numeric,lm1,g_head ~ al,(Intercept),1.8803617484681179,1.1730707646333844,1.602939741709257,0.1172289228663135
g_head,al,numeric,lm1,g_head ~ al,al,2.109748366254946,0.3028284149280781,6.966811112345624,2.7272404480274137e-8
g_head,al,numeric,lm2,g_head ~ al + I(al^2),(Intercept),1.7974848979152533,1.2163393305918155,1.4777824351373057,0.14792861814974417
g_head,al,numeric,lm2,g_head ~ al + I(al^2),al,2.4612662924729336,1.1627881299860572,2.1166936856351004,0.04107320422686286
g_head,al,numeric,lm2,g_head ~ al + I(al^2),I(al^2),-0.03665639890538087,0.11696802375192202,-0.31338820413966795,0.7557456480925729
g_head,na,numeric,lm2,g_head ~ na + I(na^2),(Intercept),18.968882086140344,4.080435066879101,4.648740091494359,4.1524639882097406e-5
g_head,na,numeric,lm2,g_head ~ na + I(na^2),na,-0.3664452675439766,0.11980684101109328,-3.0586339181586997,0.004119020124796242
g_head,na,numeric,lm2,g_head ~ na + I(na^2),I(na^2),0.0015195256910348072,6.447714160967903e-4,2.3566889801558797,0.023842948777098125
g_head,na_mgl,numeric,lm2,g_head ~ na_mgl + I(na_mgl^2),(Intercept),32.151678840783376,8.946525733977426,3.593761399319136,9.446253732509312e-4
g_head,na_mgl,numeric,lm2,g_head ~ na_mgl + I(na_mgl^2),na_mgl,-2.214456833773339,0.8398770292869201,-2.636644123549226,0.012167397281475305
g_head,na_mgl,numeric,lm2,g_head ~ na_mgl + I(na_mgl^2),I(na_mgl^2),0.03668476453694899,0.01729039514286321,2.12168456728943,0.04062456142299023
g_head,na_mil,numeric,lm2,g_head ~ na_mil + I(na_mil^2),(Intercept),32.15167884078338,8.94652573397743,3.5937613993191357,9.446253732509331e-4
g_head,na_mil,numeric,lm2,g_head ~ na_mil + I(na_mil^2),na_mil,-50.932507176786835,19.317171673599177,-2.636644123549226,0.012167397281475305
g_head,na_mil,numeric,lm2,g_head ~ na_mil + I(na_mil^2),I(na_mil^2),19.40624044004603,9.146619030574646,2.12168456728943,0.04062456142299023
g_head,mg,numeric,lm2,g_head ~ mg + I(mg^2),(Intercept),18.393227136851785,4.25917116777367,4.318499166227731,1.130063862136632e-4
g_head,mg,numeric,lm2,g_head ~ mg + I(mg^2),mg,-0.07931237880564387,0.029783558290727638,-2.662958469617641,0.011399209177534269
g_head,mg,numeric,lm2,g_head ~ mg + I(mg^2),I(mg^2),8.073437416602382e-5,4.16876283963779e-5,1.936650686826756,0.06045329967721428
g_head,asp_n,numeric,lm1,g_head ~ asp_n,(Intercept),5.792415337346096,1.4300694615279028,4.050443347805926,2.430647882726532e-4
g_head,asp_n,numeric,lm1,g_head ~ asp_n,asp_n,5.471445760920901,1.9736833657353432,2.772200372111046,0.008576301439560298
g_head,mg,numeric,lm1,g_head ~ mg,(Intercept),11.752877563573742,2.616507035534226,4.491819591524276,6.401531891668858e-5
g_head,mg,numeric,lm1,g_head ~ mg,mg,-0.023940273503736762,0.00863783265927991,-2.7715602336909053,0.008590292893270852
g_head,asp_cir_n,numeric,lm1,g_head ~ asp_cir_n,(Intercept),5.833516464572218,1.4322116619617842,4.07308264518787,2.2720148448729507e-4
g_head,asp_cir_n,numeric,lm1,g_head ~ asp_cir_n,asp_cir_n,5.508451892847302,2.0006000293372166,2.753399886069286,0.008996168236834724
g_head,na,numeric,lm1,g_head ~ na,(Intercept),11.041929866777528,2.4445162553950914,4.517020429873513,5.9258403984621554e-5
g_head,na,numeric,lm1,g_head ~ na,na,-0.09514083821841919,0.0351106290061354,-2.7097446246774393,0.010045755306915686
g_head,na_mgl,numeric,lm1,g_head ~ na_mgl,(Intercept),14.654266578113322,3.624445290434394,4.043174997506168,2.4838295510477745e-4
g_head,na_mgl,numeric,lm1,g_head ~ na_mgl,na_mgl,-0.46761646238111226,0.17338493959512566,-2.6969843140531813,0.010373318332411294
g_head,na_mil,numeric,lm1,g_head ~ na_mil,(Intercept),14.654266578113322,3.624445290434394,4.043174997506168,2.4838295510477745e-4
g_head,na_mil,numeric,lm1,g_head ~ na_mil,na_mil,-10.755178634765585,3.987853610687891,-2.6969843140531817,0.010373318332411282
g_head,li,numeric,lm1,g_head ~ li,(Intercept),21.667387776258185,6.163124765872451,3.515649706823833,0.0011528033394797277
g_head,li,numeric,lm1,g_head ~ li,li,-80.0342215514343,29.999325107019253,-2.6678674025472615,0.011158088777837326
g_head,rel_infil,factor,lm1,g_head ~ rel_infil,(Intercept),12.871031746031749,2.536868450114743,5.073590530659795,1.1996055349009396e-5
g_head,rel_infil,factor,lm1,g_head ~ rel_infil,rel_infilfair/slow,-8.27530525030526,3.8751305669320395,-2.1354906905386835,0.03959526293076639
g_head,rel_infil,factor,lm1,g_head ~ rel_infil,rel_infilslow,-12.496031746031745,4.393985047717246,-2.8438949177862263,0.007302755372258282
g_head,rel_infil,factor,lm1,g_head ~ rel_infil,rel_infilslow/fair,-10.632570207570208,3.5180035676906005,-3.0223307063187477,0.004599731046238167
g_head,as,numeric,lm1,g_head ~ as,(Intercept),14.43647617752327,3.6762788808559783,3.926926287529608,3.505414283854473e-4
g_head,as,numeric,lm1,g_head ~ as,as,-54.65377641686865,21.096676282684243,-2.590634452770527,0.013512680819354776
g_head,li,numeric,lm2,g_head ~ li + I(li^2),(Intercept),44.083624056146775,16.382321277633963,2.69092659758371,0.010632038968735045
g_head,li,numeric,lm2,g_head ~ li + I(li^2),li,-299.7339230493968,152.03122819660234,-1.9715286563480872,0.056176005384558546
g_head,li,numeric,lm2,g_head ~ li + I(li^2),I(li^2),508.7555181105104,345.3434191419548,1.4731872388782494,0.1491575823315677
g_head,ba,numeric,lm2,g_head ~ ba + I(ba^2),(Intercept),21.499242241708348,5.870448531598943,3.6622827243921967,7.771064353095171e-4
g_head,ba,numeric,lm2,g_head ~ ba + I(ba^2),ba,-8.653360261551327,3.463382524343633,-2.498528591839932,0.017040154027674736
g_head,ba,numeric,lm2,g_head ~ ba + I(ba^2),I(ba^2),0.836131635598768,0.40788608537892107,2.0499145853970777,0.047509654644112824
g_head,slp_shp,numeric,lm1,g_head ~ slp_shp,(Intercept),5.180017932570137,1.4790314723939457,3.50230406130967,0.0011972127474700405
g_head,slp_shp,numeric,lm1,g_head ~ slp_shp,slp_shp,-6.6544007037046455,2.8204023544889045,-2.359379927872211,0.023546623551685398
g_head,asp_n,numeric,lm2,g_head ~ asp_n + I(asp_n^2),(Intercept),3.9644090325647094,2.68746068518492,1.4751505219850032,0.14863152228554743
g_head,asp_n,numeric,lm2,g_head ~ asp_n + I(asp_n^2),asp_n,5.302392283155972,1.9939863387102894,2.6591918812169797,0.011506348942447168
g_head,asp_n,numeric,lm2,g_head ~ asp_n + I(asp_n^2),I(asp_n^2),3.4752477954639196,4.317753265340696,0.8048741050954199,0.42603431203253594
g_head,asp_cir_n,numeric,lm2,g_head ~ asp_cir_n + I(asp_cir_n^2),(Intercept),4.059851132829054,2.6879689336200907,1.5103787406357208,0.13944064196571695
g_head,asp_cir_n,numeric,lm2,g_head ~ asp_cir_n + I(asp_cir_n^2),asp_cir_n,5.421661569045906,2.013997088255819,2.6919907683388087,0.01060381447010241
g_head,asp_cir_n,numeric,lm2,g_head ~ asp_cir_n + I(asp_cir_n^2),I(asp_cir_n^2),3.4560630982450693,4.423109097540036,0.7813651036026219,0.43955909298558715
g_head,slp_pos,numeric,lm1,g_head ~ slp_pos,(Intercept),4.663446082048623,1.5306078806375036,3.0467934609785763,0.004191690121076693
g_head,slp_pos,numeric,lm1,g_head ~ slp_pos,slp_pos,5.803725161710638,2.499472202563109,2.321980278780116,0.02569157007740663
g_head,p,numeric,lm1,g_head ~ p,(Intercept),-0.7828711915414229,3.152203545967491,-0.24835680187687245,0.8051956575260271
g_head,p,numeric,lm1,g_head ~ p,p,0.45739633837729204,0.19747794691179746,2.316189455734953,0.026038962173544206
g_head,cu,numeric,lm1,g_head ~ cu,(Intercept),8.183998949986117,1.8892762139482997,4.331817068126214,1.042678478677712e-4
g_head,cu,numeric,lm1,g_head ~ cu,cu,-1.5554390995553344,0.7283782343514437,-2.1354826739713264,0.03922744635666613
g_head,asp_deg,numeric,lm2,g_head ~ asp_deg + I(asp_deg^2),(Intercept),12.581451483748678,3.216133022078984,3.911981064643816,3.774706908971898e-4
g_head,asp_deg,numeric,lm2,g_head ~ asp_deg + I(asp_deg^2),asp_deg,-0.1324603803259103,0.05006540265747441,-2.645746829045724,0.011896419527804476
g_head,asp_deg,numeric,lm2,g_head ~ asp_deg + I(asp_deg^2),I(asp_deg^2),3.983608915408882e-4,1.6132843582690774e-4,2.46925403757275,0.01827891859709696
g_head,asp_rad,numeric,lm2,g_head ~ asp_rad + I(asp_rad^2),(Intercept),12.581451483748685,3.2161330220789863,3.9119810646438156,3.774706908971898e-4
g_head,asp_rad,numeric,lm2,g_head ~ asp_rad + I(asp_rad^2),asp_rad,-7.589420745372386,2.868536271896339,-2.6457468290457253,0.011896419527804441
g_head,asp_rad,numeric,lm2,g_head ~ asp_rad + I(asp_rad^2),I(asp_rad^2),1.3077416643467685,0.5296100135700351,2.4692540375727505,0.018278918597096926
g_head,cu,numeric,lm2,g_head ~ cu + I(cu^2),(Intercept),10.77144286736241,2.53215391947884,4.25386576404461,1.3718957263084377e-4
g_head,cu,numeric,lm2,g_head ~ cu + I(cu^2),cu,-5.721381527586001,2.8600230645154983,-2.0004669188062056,0.05282867562715632
g_head,cu,numeric,lm2,g_head ~ cu + I(cu^2),I(cu^2),0.6125941675454535,0.4071474879914417,1.5046001402772509,0.14091626230871232
g_head,asp_cir_rad,numeric,lm2,g_head ~ asp_cir_rad + I(asp_cir_rad^2),(Intercept),12.629942183482443,3.4229851289429623,3.68974497630454,7.183572716050402e-4
g_head,asp_cir_rad,numeric,lm2,g_head ~ asp_cir_rad + I(asp_cir_rad^2),asp_cir_rad,-7.714994288118485,2.9288893516660255,-2.6341023377103694,0.012244073780610813
g_head,asp_cir_rad,numeric,lm2,g_head ~ asp_cir_rad + I(asp_cir_rad^2),I(asp_cir_rad^2),1.342032623483485,0.5206377923937874,2.5776703940624253,0.01406536171446654
g_head,asp_cir_deg,numeric,lm2,g_head ~ asp_cir_deg + I(asp_cir_deg^2),(Intercept),12.629942183482457,3.4229851289429645,3.689744976304542,7.183572716050369e-4
g_head,asp_cir_deg,numeric,lm2,g_head ~ asp_cir_deg + I(asp_cir_deg^2),asp_cir_deg,-0.1346520521002237,0.05111876261317423,-2.6341023377103703,0.012244073780610801
g_head,asp_cir_deg,numeric,lm2,g_head ~ asp_cir_deg + I(asp_cir_deg^2),I(asp_cir_deg^2),4.088065150351264e-4,1.5859534096244348e-4,2.5776703940624253,0.01406536171446654
g_head,salin,numeric,lm1,g_head ~ salin,(Intercept),13.544407060167599,4.03187038377439,3.359335933683502,0.0017883118540036151
g_head,salin,numeric,lm1,g_head ~ salin,salin,-32.301063962298215,15.395929786534564,-2.0980261932961692,0.04260607466091274
g_head,cation,numeric,lm2,g_head ~ cation + I(cation^2),(Intercept),24.9608302997679,8.612783402750727,2.8981142486174654,0.006275717440541423
g_head,cation,numeric,lm2,g_head ~ cation + I(cation^2),cation,-11.480683516921175,5.5888761258809065,-2.05420253702825,0.047071274558598705
g_head,cation,numeric,lm2,g_head ~ cation + I(cation^2),I(cation^2),1.1781996988404118,0.746841914993219,1.5775757562443578,0.12317571048178294
g_head,p,numeric,lm2,g_head ~ p + I(p^2),(Intercept),-6.009811080653713,5.3821568757271665,-1.1166175976321289,0.2713569011507132
g_head,p,numeric,lm2,g_head ~ p + I(p^2),p,1.2269193758440835,0.6733870927136003,1.8220120182284325,0.07654433619808045
g_head,p,numeric,lm2,g_head ~ p + I(p^2),I(p^2),-0.02215374686969337,0.018543431181091818,-1.1946951269883044,0.23980850064711678
g_head,ba,numeric,lm1,g_head ~ ba,(Intercept),10.928352387468705,2.9211854968578885,3.741067590272359,6.038371902096489e-4
g_head,ba,numeric,lm1,g_head ~ ba,ba,-1.747919349182256,0.837716191081496,-2.0865292658670986,0.04369322111080327
g_head,cation,numeric,lm1,g_head ~ cation,(Intercept),12.644189773962914,3.7072803645473487,3.4106375916100276,0.001549707751602746
g_head,cation,numeric,lm1,g_head ~ cation,cation,-2.9492445784131505,1.4379310894144972,-2.05103332150224,0.047204821265081694
g_head,as,numeric,lm2,g_head ~ as + I(as^2),(Intercept),12.959726257984345,6.35506366871948,2.0392755971547456,0.04861279407055354
g_head,as,numeric,lm2,g_head ~ as + I(as^2),as,-32.013012492386665,81.81559795097148,-0.39128250962085087,0.6978327312228423
g_head,as,numeric,lm2,g_head ~ as + I(as^2),I(as^2),-70.83771052393894,247.10748707375078,-0.28666760106219275,0.7759660367745502
g_head,ni,numeric,lm2,g_head ~ ni + I(ni^2),(Intercept),10.51956330421105,2.4139855079771175,4.357757438662621,1.0041437270676606e-4
g_head,ni,numeric,lm2,g_head ~ ni + I(ni^2),ni,-3.85504210535409,1.6053774186069802,-2.4013307155517305,0.021474945179433654
g_head,ni,numeric,lm2,g_head ~ ni + I(ni^2),I(ni^2),0.19834838508808308,0.10113546694523497,1.9612149039217774,0.05741267923337667
g_ht,al,numeric,lm2,g_ht ~ al + I(al^2),(Intercept),3.64616484252465,0.9516923110572096,3.831243354771063,4.775730885896264e-4
g_ht,al,numeric,lm2,g_ht ~ al + I(al^2),al,3.480153206893751,0.9097926005220044,3.825215994169409,4.8600218999608557e-4
g_ht,al,numeric,lm2,g_ht ~ al + I(al^2),I(al^2),-0.20057374768164185,0.09151851464845684,-2.1916193510361333,0.03477801592267207
g_ht,al,numeric,lm1,g_ht ~ al,(Intercept),4.099644207869489,0.9743035200968926,4.207769060981929,1.5172217313813775e-4
g_ht,al,numeric,lm1,g_ht ~ al,al,1.556743653740099,0.2515166173645107,6.189426647242105,3.1302344570185334e-7
g_ht,cu,numeric,lm2,g_ht ~ cu + I(cu^2),(Intercept),12.867501422381238,1.7157823377890788,7.499495209259486,6.187367733730127e-9
g_ht,cu,numeric,lm2,g_ht ~ cu + I(cu^2),cu,-6.624177033872073,1.937945802589705,-3.4181435956671695,0.0015479572850713662
g_ht,cu,numeric,lm2,g_ht ~ cu + I(cu^2),I(cu^2),0.6990077090647617,0.2758823084951667,2.5337170508597797,0.01565281488288082
g_ht,pb,numeric,lm1,g_ht ~ pb,(Intercept),16.356371141979633,2.5461099153045783,6.42406325181095,1.4941542151163388e-7
g_ht,pb,numeric,lm1,g_ht ~ pb,pb,-9.21663045058624,2.2737598888351704,-4.053475697166885,2.4087901471517745e-4
g_ht,na,numeric,lm2,g_ht ~ na + I(na^2),(Intercept),17.641849238059635,3.023176119251192,5.8355347297561115,1.0486527941218337e-6
g_ht,na,numeric,lm2,g_ht ~ na + I(na^2),na,-0.2807382559932072,0.08876435348956212,-3.1627364471957704,0.0031175909411681455
g_ht,na,numeric,lm2,g_ht ~ na + I(na^2),I(na^2),0.0010490717148511613,4.7770826286189856e-4,2.1960510135752855,0.03443405542640688
g_ht,na,numeric,lm1,g_ht ~ na,(Intercept),12.169127449034168,1.7955004618343666,6.777568542979723,4.9253516840345824e-8
g_ht,na,numeric,lm1,g_ht ~ na,na,-0.09343125315770293,0.025788804004341664,-3.622938587689966,8.489990620948684e-4
g_ht,pb,numeric,lm2,g_ht ~ pb + I(pb^2),(Intercept),20.227176165997836,5.101793642247415,3.964718603766864,3.234375915354004e-4
g_ht,pb,numeric,lm2,g_ht ~ pb + I(pb^2),pb,-17.397568250579756,9.608941749593123,-1.810560278536024,0.0783355425229447
g_ht,pb,numeric,lm2,g_ht ~ pb + I(pb^2),I(pb^2),3.6051911254199203,4.1134777737518,0.876433841073539,0.3864491607943322
g_ht,cu,numeric,lm1,g_ht ~ cu,(Intercept),9.91506840744471,1.3462161133639732,7.365138709169497,7.927186275181568e-9
g_ht,cu,numeric,lm1,g_ht ~ cu,cu,-1.8705799103778478,0.519010671106849,-3.6041261085993175,8.960074503725777e-4
g_ht,moist,numeric,lm2,g_ht ~ moist + I(moist^2),(Intercept),14.95189816261753,2.3638923469775284,6.325118054438909,2.2815810191909146e-7
g_ht,moist,numeric,lm2,g_ht ~ moist + I(moist^2),moist,-302.9237888878686,89.68057807343024,-3.3778081653291236,0.0017315118668381627
g_ht,moist,numeric,lm2,g_ht ~ moist + I(moist^2),I(moist^2),1219.712381819564,493.62226857993977,2.4709427824811296,0.018205286103747366
g_ht,li,numeric,lm1,g_ht ~ li,(Intercept),22.266101322136926,4.567727134579135,4.8746566215778335,1.962424902939282e-5
g_ht,li,numeric,lm1,g_ht ~ li,li,-76.90635221947474,22.23364551520566,-3.459007753221497,0.0013528753886472083
g_ht,rel_infil,factor,lm1,g_ht ~ rel_infil,(Intercept),13.222222222222221,1.8569106404690796,7.120548471240445,2.282401033915765e-8
g_ht,rel_infil,factor,lm1,g_ht ~ rel_infil,rel_infilfair/slow,-6.864102564102569,2.8364778562394966,-2.419938709905092,0.02069863836564573
g_ht,rel_infil,factor,lm1,g_ht ~ rel_infil,rel_infilslow,-12.055555555555554,3.2162635744077095,-3.7483108198853516,6.240161743245454e-4
g_ht,rel_infil,factor,lm1,g_ht ~ rel_infil,rel_infilslow/fair,-9.128632478632474,2.575071741602285,-3.5450012250735865,0.0011100280412321354
g_ht,li,numeric,lm2,g_ht ~ li + I(li^2),(Intercept),41.30126737302671,12.029673368062523,3.433282526413152,0.0014839989596258946
g_ht,li,numeric,lm2,g_ht ~ li + I(li^2),li,-263.46846046673056,111.63778233597446,-2.360029507517633,0.02365790968197649
g_ht,li,numeric,lm2,g_ht ~ li + I(li^2),I(li^2),432.01925807806344,253.58851542970274,1.7036231208894137,0.0968380760137535
g_ht,cation,numeric,lm2,g_ht ~ cation + I(cation^2),(Intercept),26.552901904151476,6.170275151468492,4.303357832888867,1.1826627196939226e-4
g_ht,cation,numeric,lm2,g_ht ~ cation + I(cation^2),cation,-11.536827283567371,4.003920901243697,-2.881382416916329,0.006553255972727536
g_ht,cation,numeric,lm2,g_ht ~ cation + I(cation^2),I(cation^2),1.14270814778555,0.5350442353729737,2.135726491827316,0.039385410924808024
g_ht,wt_g,numeric,lm1,g_ht ~ wt_g,(Intercept),13.311197297700641,2.223142985557897,5.987557878271245,5.920943876921181e-7
g_ht,wt_g,numeric,lm1,g_ht ~ wt_g,wt_g,-0.22585152568424258,0.06852086236110148,-3.296098704858915,0.002130889042389184
g_ht,wt_lbs,numeric,lm1,g_ht ~ wt_lbs,(Intercept),13.311197297700632,2.2231429855578955,5.987557878271244,5.920943876921181e-7
g_ht,wt_lbs,numeric,lm1,g_ht ~ wt_lbs,wt_lbs,-0.002351801355757416,7.135105973284507e-4,-3.296098704858913,0.0021308890423891963
g_ht,slp_pos,numeric,lm1,g_ht ~ slp_pos,(Intercept),5.882116431662712,1.1365238282782049,5.175532870766044,7.663426730757441e-6
g_ht,slp_pos,numeric,lm1,g_ht ~ slp_pos,slp_pos,5.8316789985574005,1.8559356398640883,3.142177386595399,0.0032448416289466418
g_ht,ni,numeric,lm2,g_ht ~ ni + I(ni^2),(Intercept),11.872720723739025,1.7503927287390946,6.782889650308138,5.5277117647931136e-8
g_ht,ni,numeric,lm2,g_ht ~ ni + I(ni^2),ni,-3.915604221232084,1.1640670381515117,-3.3637274253980207,0.0018003603243473528
g_ht,ni,numeric,lm2,g_ht ~ ni + I(ni^2),I(ni^2),0.19632233944234517,0.0733338229966915,2.677104934938444,0.01100499418875896
g_ht,moist,numeric,lm1,g_ht ~ moist,(Intercept),10.38463684166476,1.5694576040255555,6.616704277343236,8.15469104646364e-8
g_ht,moist,numeric,lm1,g_ht ~ moist,moist,-92.48084369553266,29.92003314470555,-3.090933865221919,0.003725001461187737
g_ht,cation,numeric,lm1,g_ht ~ cation,(Intercept),14.607282247284257,2.724736285507491,5.3609893643573665,4.278493955344916e-6
g_ht,cation,numeric,lm1,g_ht ~ cation,cation,-3.2623855255504846,1.0568348304203248,-3.0869398241284,0.0037651205360134713
g_ht,ca_mgl,numeric,lm1,g_ht ~ ca_mgl,(Intercept),13.334869459038696,2.3654412110574343,5.637370904296348,1.789844332080564e-6
g_ht,ca_mgl,numeric,lm1,g_ht ~ ca_mgl,ca_mgl,-0.4625543415683865,0.15080114440961978,-3.0673132049446146,0.003968265229815639
g_ht,ca_mil,numeric,lm1,g_ht ~ ca_mil,(Intercept),13.334869459038696,2.365441211057435,5.637370904296345,1.7898443320805807e-6
g_ht,ca_mil,numeric,lm1,g_ht ~ ca_mil,ca_mil,-9.251086831367727,3.016022888192396,-3.0673132049446132,0.003968265229815648
g_ht,mg,numeric,lm1,g_ht ~ mg,(Intercept),11.913704548174428,2.0160155028795943,5.909530224920085,7.576132845599765e-7
g_ht,mg,numeric,lm1,g_ht ~ mg,mg,-0.019751419908988033,0.006655439605509205,-2.9677107869235724,0.005168557361665326
g_ht,salin,numeric,lm1,g_ht ~ salin,(Intercept),14.939681385062872,3.0112783822555045,4.961242199690873,1.4983984651770664e-5
g_ht,salin,numeric,lm1,g_ht ~ salin,salin,-33.00624693491835,11.49874031851054,-2.870422848125831,0.006663790511872677
g_ht,na_mgl,numeric,lm1,g_ht ~ na_mgl,(Intercept),14.256892698328507,2.798620212385172,5.09425774716957,9.886792023556755e-6
g_ht,na_mgl,numeric,lm1,g_ht ~ na_mgl,na_mgl,-0.383163850625634,0.13387940983817262,-2.862007317546329,0.006810564583864434
g_ht,na_mil,numeric,lm1,g_ht ~ na_mil,(Intercept),14.256892698328507,2.798620212385172,5.09425774716957,9.886792023556755e-6
g_ht,na_mil,numeric,lm1,g_ht ~ na_mil,na_mil,-8.812768564389584,3.0792264262779705,-2.8620073175463294,0.006810564583864434
g_ht,ca_mgl,numeric,lm2,g_ht ~ ca_mgl + I(ca_mgl^2),(Intercept),19.350116730962213,5.224293658406264,3.7038723311095816,6.898309245868885e-4
g_ht,ca_mgl,numeric,lm2,g_ht ~ ca_mgl + I(ca_mgl^2),ca_mgl,-1.218201923379599,0.6052052780029847,-2.01287392502481,0.05144751907542954
g_ht,ca_mgl,numeric,lm2,g_ht ~ ca_mgl + I(ca_mgl^2),I(ca_mgl^2),0.018259530082792613,0.014170968827300236,1.2885167066076528,0.20556534916834118
g_ht,ca_mil,numeric,lm2,g_ht ~ ca_mil + I(ca_mil^2),(Intercept),19.350116730962206,5.2242936584062685,3.703872331109577,6.898309245868979e-4
g_ht,ca_mil,numeric,lm2,g_ht ~ ca_mil + I(ca_mil^2),ca_mil,-24.364038467591953,12.104105560059697,-2.0128739250248073,0.051447519075429854
g_ht,ca_mil,numeric,lm2,g_ht ~ ca_mil + I(ca_mil^2),I(ca_mil^2),7.3038120331170315,5.6683875309200955,1.2885167066076502,0.20556534916834207
g_ht,mg_mgl,numeric,lm2,g_ht ~ mg_mgl + I(mg_mgl^2),(Intercept),19.60124796988905,4.141714607788511,4.732640905056284,3.212313793831963e-5
g_ht,mg_mgl,numeric,lm2,g_ht ~ mg_mgl + I(mg_mgl^2),mg_mgl,-2.2420200832343826,0.7289018950070374,-3.075887301970502,0.003934321096355088
g_ht,mg_mgl,numeric,lm2,g_ht ~ mg_mgl + I(mg_mgl^2),I(mg_mgl^2),0.04105511049600778,0.015373029877356332,2.6705932938099477,0.011184859993851754
g_ht,mg_mil,numeric,lm2,g_ht ~ mg_mil + I(mg_mil^2),(Intercept),19.601247969889034,4.141714607788515,4.732640905056275,3.212313793832052e-5
g_ht,mg_mil,numeric,lm2,g_ht ~ mg_mil + I(mg_mil^2),mg_mil,-27.128443007135964,8.819712929585151,-3.0758873019704955,0.003934321096355156
g_ht,mg_mil,numeric,lm2,g_ht ~ mg_mil + I(mg_mil^2),I(mg_mil^2),6.01087872772048,2.250765304343739,2.670593293809941,0.011184859993851928
g_ht,wt_g,numeric,lm2,g_ht ~ wt_g + I(wt_g^2),(Intercept),15.566284488157565,4.457142124538717,3.492436196381906,0.0012575471703749925
g_ht,wt_g,numeric,lm2,g_ht ~ wt_g + I(wt_g^2),wt_g,-0.3861732176059808,0.2824299262361871,-1.367324004054147,0.179773296577302
g_ht,wt_g,numeric,lm2,g_ht ~ wt_g + I(wt_g^2),I(wt_g^2),0.0021792747607351807,0.003722358946552841,0.5854552965004458,0.5617956988963363
g_ht,wt_lbs,numeric,lm2,g_ht ~ wt_lbs + I(wt_lbs^2),(Intercept),15.566284488157534,4.457142124538706,3.4924361963819077,0.0012575471703749881
g_ht,wt_lbs,numeric,lm2,g_ht ~ wt_lbs + I(wt_lbs^2),wt_lbs,-0.00402123781972003,0.0029409546002242184,-1.3673240040541432,0.1797732965773032
g_ht,wt_lbs,numeric,lm2,g_ht ~ wt_lbs + I(wt_lbs^2),I(wt_lbs^2),2.3630189505668605e-7,4.0362073153865114e-7,0.5854552965004414,0.5617956988963393
g_ht,asp_cir,factor,lm1,g_ht ~ asp_cir,(Intercept),6.8249999999999975,3.2128672956496818,2.124270743843436,0.04146984638570687
g_ht,asp_cir,factor,lm1,g_ht ~ asp_cir,asp_cirN,-2.425000000000004,4.310513805455158,-0.5625779453324223,0.5776426323066342
g_ht,asp_cir,factor,lm1,g_ht ~ asp_cir,asp_cirNE,11.000000000000009,4.543680503612748,2.4209448686486086,0.021329452436470338
g_ht,asp_cir,factor,lm1,g_ht ~ asp_cir,asp_cirNW,4.952777777777781,4.147793843208557,1.194075203589801,0.24122522154176615
g_ht,asp_cir,factor,lm1,g_ht ~ asp_cir,asp_cirS,-2.4083333333333248,4.543680503612752,-0.5300402023026093,0.5997429223791331
g_ht,asp_cir,factor,lm1,g_ht ~ asp_cir,asp_cirSE,-6.824999999999993,4.31051380545516,-1.583337928615988,0.12317899133382372
g_ht,asp_cir,factor,lm1,g_ht ~ asp_cir,asp_cirSW,-0.4187499999999949,3.9349427428087127,-0.1064183210201164,0.9159148117739891
g_ht,asp_cir,factor,lm1,g_ht ~ asp_cir,asp_cirW,-2.8442307692307667,4.543680503612749,-0.6259750805474276,0.5357710408082501
g_ht,hrb_ht,numeric,lm1,g_ht ~ hrb_ht,(Intercept),11.19490620455954,1.9328980539300564,5.791772712377431,1.0990719512599137e-6
g_ht,hrb_ht,numeric,lm1,g_ht ~ hrb_ht,hrb_ht,-0.23912233694424978,0.08783178607326944,-2.7225034083307094,0.009727828093802918
g_ht,bare,integer,lm2,g_ht ~ bare + I(bare^2),(Intercept),1.3542701501679404,2.0380350243714136,0.6644979767144261,0.5104920563904177
g_ht,bare,integer,lm2,g_ht ~ bare + I(bare^2),bare,1.088661051756852,0.34919541612033617,3.117626983344159,0.0035193391358434244
g_ht,bare,integer,lm2,g_ht ~ bare + I(bare^2),I(bare^2),-0.024718493039214414,0.00908933940336075,-2.719503799151217,0.00989774270175505
g_ht,na_mil,numeric,lm2,g_ht ~ na_mil + I(na_mil^2),(Intercept),23.39474244536676,7.132427610355489,3.2800532614449818,0.0022666544908609256
g_ht,na_mil,numeric,lm2,g_ht ~ na_mil + I(na_mil^2),na_mil,-29.794979301782245,15.40020480525712,-1.9347131858669324,0.060698935176216474
g_ht,na_mil,numeric,lm2,g_ht ~ na_mil + I(na_mil^2),I(na_mil^2),10.134716301699456,7.291947740932764,1.389850374929189,0.1728805946739221
g_ht,na_mgl,numeric,lm2,g_ht ~ na_mgl + I(na_mgl^2),(Intercept),23.394742445366745,7.132427610355487,3.280053261444981,0.002266654490860928
g_ht,na_mgl,numeric,lm2,g_ht ~ na_mgl + I(na_mgl^2),na_mgl,-1.2954338826861829,0.6695741219677006,-1.9347131858669306,0.06069893517621665
g_ht,na_mgl,numeric,lm2,g_ht ~ na_mgl + I(na_mgl^2),I(na_mgl^2),0.019158253878448838,0.013784400266413534,1.3898503749291873,0.17288059467392258
g_ht,mg,numeric,lm2,g_ht ~ mg + I(mg^2),(Intercept),14.921987599146954,3.388766661810075,4.403368271799666,8.750795644785665e-5
g_ht,mg,numeric,lm2,g_ht ~ mg + I(mg^2),mg,-0.04483669050177739,0.023696988317671253,-1.89208391803704,0.06632525528993267
g_ht,mg,numeric,lm2,g_ht ~ mg + I(mg^2),I(mg^2),3.65751602011863e-5,3.316834185685383e-5,1.102712953183956,0.27727285920375505
g_ht,salin,numeric,lm2,g_ht ~ salin + I(salin^2),(Intercept),22.484947014327453,7.098918593385531,3.1673763712796994,0.003078828915786733
g_ht,salin,numeric,lm2,g_ht ~ salin + I(salin^2),salin,-86.46838432579361,47.01247394787842,-1.839264711354246,0.0739114792673663
g_ht,salin,numeric,lm2,g_ht ~ salin + I(salin^2),I(salin^2),79.80048038969531,68.06310531123295,1.172448421575694,0.24851080566027675
g_ht,hlf_sat,numeric,lm1,g_ht ~ hlf_sat,(Intercept),19.247873664277297,4.9150207349160855,3.9161327494594826,3.6187629815472965e-4
g_ht,hlf_sat,numeric,lm1,g_ht ~ hlf_sat,hlf_sat,-50.44435707044124,19.54778914285557,-2.5805658482293334,0.013851231954900784
g_ht,slp_pos,numeric,lm2,g_ht ~ slp_pos + I(slp_pos^2),(Intercept),5.898256410256411,1.3961342838527722,4.2247056593865615,1.496960674285453e-4
g_ht,slp_pos,numeric,lm2,g_ht ~ slp_pos + I(slp_pos^2),slp_pos,5.847727272727272,2.037916998538288,2.869462925586076,0.006757931125681618
g_ht,slp_pos,numeric,lm2,g_ht ~ slp_pos + I(slp_pos^2),I(slp_pos^2),-0.05052913752913769,2.470282702744849,-0.020454799555124744,0.9837904812155066
g_ht,as,numeric,lm1,g_ht ~ as,(Intercept),13.628187262720708,2.874948257651813,4.740324361124981,2.977737795522437e-5
g_ht,as,numeric,lm1,g_ht ~ as,as,-41.973230026417255,16.49816422714517,-2.544115178424325,0.015142991573062977
g_ht,dstrb_cir,integer,lm1,g_ht ~ dstrb_cir,(Intercept),4.244449868389825,1.556669080306252,2.726623096769412,0.009627180091036087
g_ht,dstrb_cir,integer,lm1,g_ht ~ dstrb_cir,dstrb_cir,0.2978386989378635,0.11955821507947208,2.491160467224154,0.017216736737499436
g_ht,ba,numeric,lm2,g_ht ~ ba + I(ba^2),(Intercept),19.258898668453874,4.570637981105031,4.2136127928026585,1.5474121662330172e-4
g_ht,ba,numeric,lm2,g_ht ~ ba + I(ba^2),ba,-6.7336650938798925,2.6965346214437935,-2.497155067222729,0.017096517450202863
g_ht,ba,numeric,lm2,g_ht ~ ba + I(ba^2),I(ba^2),0.6468829101693958,0.317573627255593,2.0369541254405377,0.04885645787380662
g_ht,plant,numeric,lm1,g_ht ~ plant,(Intercept),22.43124704215953,6.440752243306098,3.4827060869283435,0.001265416255335193
g_ht,plant,numeric,lm1,g_ht ~ plant,plant,-0.159635947424819,0.06517366124444036,-2.449393579809616,0.019031574212563865
g_ht,gyps,numeric,lm1,g_ht ~ gyps,(Intercept),8.937819949886375,1.4083463574509163,6.346322339387934,1.9086278957851904e-7
g_ht,gyps,numeric,lm1,g_ht ~ gyps,gyps,-0.06411076412685311,0.026210992734776194,-2.4459494829355433,0.01918872853015148
g_ht,ph,numeric,lm1,g_ht ~ ph,(Intercept),48.6128768907991,17.19285802008902,2.8275041202572204,0.00744446445093998
g_ht,ph,numeric,lm1,g_ht ~ ph,ph,-7.115962916384687,2.926760645665692,-2.431344335220197,0.01986834679415798
g_ht,as,numeric,lm2,g_ht ~ as + I(as^2),(Intercept),7.991160950291876,4.842214903875057,1.6503110888153325,0.10734419581269451
g_ht,as,numeric,lm2,g_ht ~ as + I(as^2),as,44.450734036260606,62.3390619542715,0.7130478490174782,0.48028943544846014
g_ht,as,numeric,lm2,g_ht ~ as + I(as^2),I(as^2),-270.40058228703725,188.28254430513493,-1.436142597737685,0.15936338942908648
g_ht,fe,numeric,lm2,g_ht ~ fe + I(fe^2),(Intercept),-2.7569352347528655,3.493030687244668,-0.789267396023812,0.4349844886304719
g_ht,fe,numeric,lm2,g_ht ~ fe + I(fe^2),fe,0.1853388313164953,0.0641658588927187,2.8884337327482865,0.0064349204910883135
g_ht,fe,numeric,lm2,g_ht ~ fe + I(fe^2),I(fe^2),-6.565546749726403e-4,2.565129044357543e-4,-2.559538579226059,0.014701413896174484
g_ht,anion,numeric,lm1,g_ht ~ anion,(Intercept),12.644990740014407,2.639435536782755,4.790793548012756,2.546553942733164e-5
g_ht,anion,numeric,lm1,g_ht ~ anion,anion,-3.314543738189224,1.3745111150806961,-2.4114346561647344,0.020829990402945513
g_ht,dstrb,integer,lm1,g_ht ~ dstrb,(Intercept),4.81035499273407,1.4318859558317663,3.359453993624646,0.0017877244509448397
g_ht,dstrb,integer,lm1,g_ht ~ dstrb,dstrb,0.40825468559535383,0.16942726683462986,2.409616192379662,0.02091989200956708
g_ht,p,numeric,lm2,g_ht ~ p + I(p^2),(Intercept),-4.64145051297697,4.117949536178636,-1.1271266129414814,0.26694577329965746
g_ht,p,numeric,lm2,g_ht ~ p + I(p^2),p,1.4063352647836138,0.5152161354891766,2.7296025258377368,0.00964969839454124
g_ht,p,numeric,lm2,g_ht ~ p + I(p^2),I(p^2),-0.03267017764438782,0.014187790433184026,-2.3026966600785896,0.02702033430671578
g_ht,asp_n,numeric,lm1,g_ht ~ asp_n,(Intercept),6.9806948645493705,1.139949366018052,6.123688536214183,3.851991278179648e-7
g_ht,asp_n,numeric,lm1,g_ht ~ asp_n,asp_n,3.767844186078352,1.5732795937664181,2.3948980213098454,0.021660566740211638
g_ht,slp_deg_cir,integer,lm1,g_ht ~ slp_deg_cir,(Intercept),12.651489764652723,2.6700930342785236,4.738220579670265,2.997197549703608e-5
g_ht,slp_deg_cir,integer,lm1,g_ht ~ slp_deg_cir,slp_deg_cir,-0.4069967793445993,0.17092643436690366,-2.3811225036787276,0.022375217842630222
g_ht,dstrb_cir,integer,lm2,g_ht ~ dstrb_cir + I(dstrb_cir^2),(Intercept),2.395847643262678,2.036143799895838,1.1766593515572137,0.24684619199516805
g_ht,dstrb_cir,integer,lm2,g_ht ~ dstrb_cir + I(dstrb_cir^2),dstrb_cir,0.867672970260189,0.42788335910602265,2.027825929180839,0.04982493690440662
g_ht,dstrb_cir,integer,lm2,g_ht ~ dstrb_cir + I(dstrb_cir^2),I(dstrb_cir^2),-0.019095523647984707,0.013781312621580423,-1.3856099322558475,0.17416215169330349
g_ht,nonnativ,numeric,lm1,g_ht ~ nonnativ,(Intercept),17.569762290441304,4.681511533729327,3.753010574438359,5.832607898238862e-4
g_ht,nonnativ,numeric,lm1,g_ht ~ nonnativ,nonnativ,-0.12353331828640467,0.05257686546186008,-2.349575563343868,0.024092722822884095
g_ht,ph,numeric,lm2,g_ht ~ ph + I(ph^2),(Intercept),254.34393933784682,141.77843331268258,1.7939536599117918,0.0809960347319536
g_ht,ph,numeric,lm2,g_ht ~ ph + I(ph^2),ph,-72.12830398616113,44.57528222962473,-1.6181233270627429,0.11413059832185708
g_ht,ph,numeric,lm2,g_ht ~ ph + I(ph^2),I(ph^2),5.081082275579405,3.4765113586175396,1.4615462892087125,0.15230721101153338
g_ht,asp_cir_n,numeric,lm1,g_ht ~ asp_cir_n,(Intercept),7.00704813675905,1.144413761295314,6.122827576652054,3.862475139089246e-7
g_ht,asp_cir_n,numeric,lm1,g_ht ~ asp_cir_n,asp_cir_n,3.7237487377572003,1.5985864835685235,2.329400865097194,0.025252502507612865
g_ht,su_mgl,numeric,lm2,g_ht ~ su_mgl + I(su_mgl^2),(Intercept),19.824619645569225,5.098869329102976,3.888042302322914,4.0480362613863245e-4
g_ht,su_mgl,numeric,lm2,g_ht ~ su_mgl + I(su_mgl^2),su_mgl,-2.6568586175939783,1.0829511620514067,-2.45335035474837,0.018985773553232194
g_ht,su_mgl,numeric,lm2,g_ht ~ su_mgl + I(su_mgl^2),I(su_mgl^2),0.07144846781705035,0.036608732277857464,1.9516782846989065,0.0585770663852334
g_ht,su_mil,numeric,lm2,g_ht ~ su_mil + I(su_mil^2),(Intercept),19.824619645569225,5.098869329102976,3.888042302322914,4.0480362613863245e-4
g_ht,su_mil,numeric,lm2,g_ht ~ su_mil + I(su_mil^2),su_mil,-42.50973788150365,17.327218592822508,-2.45335035474837,0.018985773553232194
g_ht,su_mil,numeric,lm2,g_ht ~ su_mil + I(su_mil^2),I(su_mil^2),18.29080776116489,9.37183546313151,1.9516782846989065,0.0585770663852334
g_ht,dstrb,integer,lm2,g_ht ~ dstrb + I(dstrb^2),(Intercept),3.5097469806422956,1.6696082881564498,2.102137971845895,0.042406695906793884
g_ht,dstrb,integer,lm2,g_ht ~ dstrb + I(dstrb^2),dstrb,0.9344950196163442,0.3977818036706135,2.3492653786399957,0.024258843631646196
g_ht,dstrb,integer,lm2,g_ht ~ dstrb + I(dstrb^2),I(dstrb^2),-0.01955020930718654,0.013412893783709646,-1.4575683385289193,0.15339550570068397
g_ht,ni,numeric,lm1,g_ht ~ ni,(Intercept),8.66678952426087,1.3763256598412583,6.2970485671686705,2.2292663337611126e-7
g_ht,ni,numeric,lm1,g_ht ~ ni,ni,-0.9847416848553827,0.4264827970543895,-2.308983367340367,0.026477148333131067
g_ht,asp,factor,lm1,g_ht ~ asp,(Intercept),6.825000000000002,3.3579599708312946,2.0324840258028476,0.05047315612137867
g_ht,asp,factor,lm1,g_ht ~ asp,aspN,-0.3916666666666648,4.33510768142025,-0.09034762120103752,0.9285741365531011
g_ht,asp,factor,lm1,g_ht ~ asp,aspNE,11.408333333333324,5.129368582322036,2.224120405901663,0.03331995158290889
g_ht,asp,factor,lm1,g_ht ~ asp,aspNW,4.952777777777782,4.335107681420251,1.1424809120670267,0.26173061269477754
g_ht,asp,factor,lm1,g_ht ~ asp,aspS,-2.408333333333339,4.748872532655579,-0.5071379189002141,0.6155353135581947
g_ht,asp,factor,lm1,g_ht ~ asp,aspSE,-6.825000000000001,4.505176056301189,-1.514924148292535,0.13960790767234724
g_ht,asp,factor,lm1,g_ht ~ asp,aspSW,-0.4187500000000054,4.112644252613876,-0.10182013670009513,0.9195347942485603
g_ht,asp,factor,lm1,g_ht ~ asp,aspW,-2.8442307692307764,4.748872532655579,-0.5989275874794384,0.5534378701807043
g_ht,mo,numeric,lm1,g_ht ~ mo,(Intercept),10.965800894062399,2.134937030746588,5.136357998450032,8.665110242886467e-6
g_ht,mo,numeric,lm1,g_ht ~ mo,mo,-143.575177531814,63.60712823220689,-2.2572183577864475,0.029824330852020638
g_ht,hrb_ht,numeric,lm2,g_ht ~ hrb_ht + I(hrb_ht^2),(Intercept),13.062170557196087,3.465739800853315,3.7689414981413183,5.719877404523797e-4
g_ht,hrb_ht,numeric,lm2,g_ht ~ hrb_ht + I(hrb_ht^2),hrb_ht,-0.4272748491780169,0.30211082353347013,-1.4142983828935216,0.16563453404554235
g_ht,hrb_ht,numeric,lm2,g_ht ~ hrb_ht + I(hrb_ht^2),I(hrb_ht^2),0.0031180533594044493,0.004786907992946439,0.6513710654140282,0.5188324871645833
g_ht,ca,numeric,lm1,g_ht ~ ca,(Intercept),25.11601719770163,8.32027900764548,3.0186508378652444,0.004517457471961608
g_ht,ca,numeric,lm1,g_ht ~ ca,ca,-0.04211078590450318,0.01905230117052939,-2.2102729495816114,0.03318172366870571
g_ht,cl,numeric,lm1,g_ht ~ cl,(Intercept),12.267768158069332,2.7573617412918794,4.449096385997448,7.295175185618648e-5
g_ht,cl,numeric,lm1,g_ht ~ cl,cl,-0.16967517932336537,0.07918888749071926,-2.1426640113267266,0.03860739237817373
g_ht,cl_mgl,numeric,lm1,g_ht ~ cl_mgl,(Intercept),12.267768158069332,2.7573617412918794,4.449096385997448,7.295175185618648e-5
g_ht,cl_mgl,numeric,lm1,g_ht ~ cl_mgl,cl_mgl,-0.16967517932336537,0.07918888749071926,-2.1426640113267266,0.03860739237817373
g_ht,cl_mil,numeric,lm1,g_ht ~ cl_mil,(Intercept),12.267768158069327,2.75736174129188,4.4490963859974455,7.295175185618687e-5
g_ht,cl_mil,numeric,lm1,g_ht ~ cl_mil,cl_mil,-6.023468865979467,2.811205505920533,-2.1426640113267257,0.038607392378173844
g_ht,ba,numeric,lm1,g_ht ~ ba,(Intercept),11.080607474993906,2.2729262301658073,4.875040521744337,1.960082181260986e-5
g_ht,ba,numeric,lm1,g_ht ~ ba,ba,-1.3911908670828037,0.6518131444209186,-2.1343400006435282,0.03932691414244601
g_ht,zn,numeric,lm1,g_ht ~ zn,(Intercept),9.229144649005406,1.5897489518188048,5.805410117394006,1.0527244553144883e-6
g_ht,zn,numeric,lm1,g_ht ~ zn,zn,-1.328911740622529,0.6237361654289091,-2.13056707992667,0.03965692340552951
g_ht,hlf_sat,numeric,lm2,g_ht ~ hlf_sat + I(hlf_sat^2),(Intercept),31.02499418294459,20.49635113024346,1.5136837764828077,0.13860225088773942
g_ht,hlf_sat,numeric,lm2,g_ht ~ hlf_sat + I(hlf_sat^2),hlf_sat,-134.6476481095811,143.5527277556483,-0.9379664894893172,0.3543444100030644
g_ht,hlf_sat,numeric,lm2,g_ht ~ hlf_sat + I(hlf_sat^2),I(hlf_sat^2),139.66901550726055,235.8559477644071,0.5921793231467446,0.5573322153203816
g_ht,anion,numeric,lm2,g_ht ~ anion + I(anion^2),(Intercept),17.55850351663006,5.485000548971282,3.2011853708789832,0.002809887267331618
g_ht,anion,numeric,lm2,g_ht ~ anion + I(anion^2),anion,-7.966716427856936,4.755949600273663,-1.6751053096522557,0.1023464667861403
g_ht,anion,numeric,lm2,g_ht ~ anion + I(anion^2),I(anion^2),0.8532228764573123,0.8350775672341104,1.0217288907464028,0.31354354231240916
g_perf,al,numeric,lm2,g_perf ~ al + I(al^2),(Intercept),324.90802887995767,661.2336565533367,0.4913664415896982,0.6260695532683334
g_perf,al,numeric,lm2,g_perf ~ al + I(al^2),al,2001.1135293258753,632.1218328222583,3.1657086109356927,0.003092708485514047
g_perf,al,numeric,lm2,g_perf ~ al + I(al^2),I(al^2),-187.44787204740928,63.58685615112786,-2.9479028118940027,0.00551359753161706
g_pres,wt_g,numeric,lm1,g_pres ~ wt_g,(Intercept),1.066298433219286,0.13352135467368165,7.985976743759504,1.1886943254124332e-9
g_pres,wt_g,numeric,lm1,g_pres ~ wt_g,wt_g,-0.0190765967654374,0.004115344098556584,-4.635480365330404,4.116930578292662e-5
g_pres,wt_lbs,numeric,lm1,g_pres ~ wt_lbs,(Intercept),1.0662984332192855,0.13352135467368156,7.9859767437595055,1.1886943254124288e-9
g_pres,wt_lbs,numeric,lm1,g_pres ~ wt_lbs,wt_lbs,-1.9864539768005363e-4,4.2853249722673514e-5,-4.6354803653304035,4.1169305782926925e-5
g_pres,wt_g,numeric,lm2,g_pres ~ wt_g + I(wt_g^2),(Intercept),1.4037944563716414,0.26115569451762544,5.375316280062578,4.402632098571185e-6
g_pres,wt_g,numeric,lm2,g_pres ~ wt_g + I(wt_g^2),wt_g,-0.04307031801826419,0.016548313129325358,-2.6027014162512456,0.013228777703382162
g_pres,wt_g,numeric,lm2,g_pres ~ wt_g + I(wt_g^2),I(wt_g^2),3.2614994587211465e-4,2.1810281314094528e-4,1.495395410885167,0.14329255285611603
g_pres,wt_lbs,numeric,lm2,g_pres ~ wt_lbs + I(wt_lbs^2),(Intercept),1.4037944563716387,0.26115569451762477,5.375316280062582,4.40263209857112e-6
g_pres,wt_lbs,numeric,lm2,g_pres ~ wt_lbs + I(wt_lbs^2),wt_lbs,-4.484930177087736e-4,1.7231827473884935e-4,-2.6027014162512407,0.013228777703382346
g_pres,wt_lbs,numeric,lm2,g_pres ~ wt_lbs + I(wt_lbs^2),I(wt_lbs^2),3.5364907477851466e-8,2.3649201555940387e-8,1.495395410885161,0.14329255285611756
g_pres,cu,numeric,lm2,g_pres ~ cu + I(cu^2),(Intercept),0.9065638482564273,0.11265209240589101,8.047465687455084,1.1975768094675438e-9
g_pres,cu,numeric,lm2,g_pres ~ cu + I(cu^2),cu,-0.40100426757164964,0.12723854583574887,-3.151594235360899,0.00321257231201026
g_pres,cu,numeric,lm2,g_pres ~ cu + I(cu^2),I(cu^2),0.039272372600093614,0.01811343934790437,2.1681344909594555,0.03665222313130806
g_pres,moist,numeric,lm2,g_pres ~ moist + I(moist^2),(Intercept),1.0979024890395774,0.14983997773477165,7.32716665897368,1.0434711753650992e-8
g_pres,moist,numeric,lm2,g_pres ~ moist + I(moist^2),moist,-21.38340385518018,5.684580280885346,-3.7616504295106585,5.841535869922432e-4
g_pres,moist,numeric,lm2,g_pres ~ moist + I(moist^2),I(moist^2),84.38907963481469,31.289220859814716,2.6970655489602504,0.010470169810632916
g_pres,hrb_ht,numeric,lm2,g_pres ~ hrb_ht + I(hrb_ht^2),(Intercept),1.2382047015389681,0.20226070789272546,6.121825214790032,4.2951763463772697e-7
g_pres,hrb_ht,numeric,lm2,g_pres ~ hrb_ht + I(hrb_ht^2),hrb_ht,-0.05481516147523444,0.017631199265129186,-3.1089865556478244,0.0036016874971722336
g_pres,hrb_ht,numeric,lm2,g_pres ~ hrb_ht + I(hrb_ht^2),I(hrb_ht^2),5.590077368190994e-4,2.793641343277723e-4,2.001000372378606,0.05276863414272534
g_pres,cu,numeric,lm1,g_pres ~ cu,(Intercept),0.7406872092211594,0.08662047586801287,8.550948280978904,2.1903973857214583e-10
g_pres,cu,numeric,lm1,g_pres ~ cu,cu,-0.133932767495672,0.033395047693725734,-4.010557754670772,2.7367797640414455e-4
g_pres,hrb_ht,numeric,lm1,g_pres ~ hrb_ht,(Intercept),0.9034396736532027,0.11807579866783961,7.651353485185218,3.2899840885729803e-9
g_pres,hrb_ht,numeric,lm1,g_pres ~ hrb_ht,hrb_ht,-0.02108299017566589,0.005365419178697873,-3.9294208846479157,3.4797122837610924e-4
g_pres,pb,numeric,lm1,g_pres ~ pb,(Intercept),1.1332615093656238,0.17080188737273003,6.6349472291988185,7.700937027823348e-8
g_pres,pb,numeric,lm1,g_pres ~ pb,pb,-0.5930075096432476,0.1525317026225076,-3.887765621490829,3.933903740155377e-4
g_pres,dstrb_cir,integer,lm1,g_pres ~ dstrb_cir,(Intercept),0.28522647453595845,0.0957042894034307,2.9802893508107897,0.005000043470072313
g_pres,dstrb_cir,integer,lm1,g_pres ~ dstrb_cir,dstrb_cir,0.026865381004374387,0.007350460133936954,3.654925067933824,7.744768884435955e-4
g_pres,al,numeric,lm1,g_pres ~ al,(Intercept),0.39409112199174795,0.0792702422361953,4.97148880682748,1.4512462794561617e-5
g_pres,al,numeric,lm1,g_pres ~ al,al,0.07270438753416186,0.02046362634811217,3.5528594149134793,0.001037183717297919
g_pres,moist,numeric,lm1,g_pres ~ moist,(Intercept),0.7819042380815006,0.10082265613797514,7.7552433950110355,2.3955231762985216e-9
g_pres,moist,numeric,lm1,g_pres ~ moist,moist,-6.823343036638664,1.922076267398394,-3.549985581932359,0.0010457006258175908
g_pres,al,numeric,lm2,g_pres ~ al + I(al^2),(Intercept),0.3640283195046268,0.07910166262360067,4.602031201756507,4.78862284432965e-5
g_pres,al,numeric,lm2,g_pres ~ al + I(al^2),al,0.20021422793082388,0.07561909086351098,2.64766774692123,0.011839952070966189
g_pres,al,numeric,lm2,g_pres ~ al + I(al^2),I(al^2),-0.013296765898200483,0.007606730227223734,-1.748026484574499,0.08875411356520854
g_pres,pb,numeric,lm2,g_pres ~ pb + I(pb^2),(Intercept),1.3304115736337405,0.3437474317165047,3.8703171307791977,4.2627157670437917e-4
g_pres,pb,numeric,lm2,g_pres ~ pb + I(pb^2),pb,-1.009683731523289,0.6474289788171619,-1.5595281715192273,0.12738498737369253
g_pres,pb,numeric,lm2,g_pres ~ pb + I(pb^2),I(pb^2),0.1836216646576408,0.27715692152676324,0.662518776894084,0.5117448910525271
g_pres,ni,numeric,lm2,g_pres ~ ni + I(ni^2),(Intercept),0.8567676120976851,0.11516306458581319,7.439604140260344,7.417409903264619e-9
g_pres,ni,numeric,lm2,g_pres ~ ni + I(ni^2),ni,-0.2586634749675737,0.07658711402065062,-3.377375923811789,0.0017335873431180446
g_pres,ni,numeric,lm2,g_pres ~ ni + I(ni^2),I(ni^2),0.012637995083619397,0.004824830254051746,2.6193657430759125,0.01269747054553489
g_pres,hlf_sat,numeric,lm1,g_pres ~ hlf_sat,(Intercept),1.5048399044650127,0.3130597576732022,4.806877497285645,2.4225695533544336e-5
g_pres,hlf_sat,numeric,lm1,g_pres ~ hlf_sat,hlf_sat,-4.003769913058152,1.2450865341494228,-3.2156559429769396,0.002657585698510946
g_pres,ca_mgl,numeric,lm1,g_pres ~ ca_mgl,(Intercept),0.9662111499195398,0.1553594736372417,6.219196855517193,2.8496077107989116e-7
g_pres,ca_mgl,numeric,lm1,g_pres ~ ca_mgl,ca_mgl,-0.03172846630365615,0.009904446709499451,-3.203456713359371,0.0027475404342634665
g_pres,ca_mil,numeric,lm1,g_pres ~ ca_mil,(Intercept),0.9662111499195396,0.15535947363724176,6.21919685551719,2.849607710798948e-7
g_pres,ca_mil,numeric,lm1,g_pres ~ ca_mil,ca_mil,-0.6345693260731228,0.19808893418998907,-3.203456713359369,0.002747540434263485
g_pres,dstrb_cir,integer,lm2,g_pres ~ dstrb_cir + I(dstrb_cir^2),(Intercept),0.21928066604802185,0.1273186074523707,1.7222986524578014,0.09336622280847733
g_pres,dstrb_cir,integer,lm2,g_pres ~ dstrb_cir + I(dstrb_cir^2),dstrb_cir,0.047193270485249766,0.026755238719489427,1.7638889706811915,0.08600688345430915
g_pres,dstrb_cir,integer,lm2,g_pres ~ dstrb_cir + I(dstrb_cir^2),I(dstrb_cir^2),-6.812010330563409e-4,8.617355669747684e-4,-0.7904989177222697,0.4342741506809986
g_pres,na,numeric,lm1,g_pres ~ na,(Intercept),0.8352996786678699,0.12321264168277009,6.779334224636442,4.898210136811073e-8
g_pres,na,numeric,lm1,g_pres ~ na,na,-0.0055049593535827415,0.0017697052909514976,-3.110664460195489,0.0035326703456363437
g_pres,rel_infil,factor,lm1,g_pres ~ rel_infil,(Intercept),0.9166666666666665,0.12773983705267422,7.176043807607755,1.9315432866704636e-8
g_pres,rel_infil,factor,lm1,g_pres ~ rel_infil,rel_infilfair/slow,-0.47222222222222304,0.1951258241850682,-2.420090852630256,0.020691222470250854
g_pres,rel_infil,factor,lm1,g_pres ~ rel_infil,rel_infilslow,-0.7499999999999997,0.22125188792580114,-3.3898015833045414,0.0017092095988286038
g_pres,rel_infil,factor,lm1,g_pres ~ rel_infil,rel_infilslow/fair,-0.5320512820512819,0.1771432816972429,-3.0035081034606517,0.004832511836302374
g_pres,hlf_sat,numeric,lm2,g_pres ~ hlf_sat + I(hlf_sat^2),(Intercept),2.784187859494364,1.2936425723597336,2.1522079738112874,0.03797367840208604
g_pres,hlf_sat,numeric,lm2,g_pres ~ hlf_sat + I(hlf_sat^2),hlf_sat,-13.150768793379973,9.060438066415363,-1.4514495543130943,0.15508149771099497
g_pres,hlf_sat,numeric,lm2,g_pres ~ hlf_sat + I(hlf_sat^2),I(hlf_sat^2),15.1722374825792,14.886225017977937,1.0192132299663514,0.31472013440376945
g_pres,cation,numeric,lm1,g_pres ~ cation,(Intercept),0.9977990221272567,0.1837589023582815,5.429935689220712,3.443402994014701e-6
g_pres,cation,numeric,lm1,g_pres ~ cation,cation,-0.20019835990777954,0.07127398326398716,-2.8088560613523956,0.007809563623108076
g_pres,li,numeric,lm1,g_pres ~ li,(Intercept),1.3805596603456451,0.3163835746387363,4.363563000772218,9.46813173072732e-5
g_pres,li,numeric,lm1,g_pres ~ li,li,-4.282762715841108,1.5400132359262333,-2.7809908486047927,0.008386298755949163
g_pres,na,numeric,lm2,g_pres ~ na + I(na^2),(Intercept),1.021319864812436,0.21742335006520547,4.6973789360992795,3.5786425074640396e-5
g_pres,na,numeric,lm2,g_pres ~ na + I(na^2),na,-0.011871605581335857,0.006383830230457421,-1.859636793706718,0.07090217859376244
g_pres,na,numeric,lm2,g_pres ~ na + I(na^2),I(na^2),3.565840238159858e-5,3.435622893547796e-5,1.0379021064438168,0.3060512269515607
g_pres,ca_mgl,numeric,lm2,g_pres ~ ca_mgl + I(ca_mgl^2),(Intercept),1.196025691847934,0.34818185423850323,3.4350603780421625,0.001476656331758548
g_pres,ca_mgl,numeric,lm2,g_pres ~ ca_mgl + I(ca_mgl^2),ca_mgl,-0.06059823591126716,0.0403349255742816,-1.502376291724358,0.141487462374263
g_pres,ca_mgl,numeric,lm2,g_pres ~ ca_mgl + I(ca_mgl^2),I(ca_mgl^2),6.976114783163102e-4,9.444480967692434e-4,0.7386445911667259,0.4647828039214338
g_pres,ca_mil,numeric,lm2,g_pres ~ ca_mil + I(ca_mil^2),(Intercept),1.1960256918479324,0.3481818542385035,3.435060378042155,0.0014766563317585816
g_pres,ca_mil,numeric,lm2,g_pres ~ ca_mil + I(ca_mil^2),ca_mil,-1.211964718225339,0.8066985114856322,-1.5023762917243524,0.1414874623742643
g_pres,ca_mil,numeric,lm2,g_pres ~ ca_mil + I(ca_mil^2),I(ca_mil^2),0.27904459132652226,0.37777923870769736,0.7386445911667211,0.46478280392143667
g_pres,mg_mgl,numeric,lm2,g_pres ~ mg_mgl + I(mg_mgl^2),(Intercept),1.3245843462572005,0.2766154797940355,4.7885402047762105,2.7061060960977173e-5
g_pres,mg_mgl,numeric,lm2,g_pres ~ mg_mgl + I(mg_mgl^2),mg_mgl,-0.1402320151993386,0.048681661220933876,-2.880592232933839,0.0065666430316165016
g_pres,mg_mgl,numeric,lm2,g_pres ~ mg_mgl + I(mg_mgl^2),I(mg_mgl^2),0.0025104637540329456,0.0010267288884213013,2.4451087159854197,0.01936178516802814
g_pres,mg_mil,numeric,lm2,g_pres ~ mg_mil + I(mg_mil^2),(Intercept),1.3245843462571996,0.2766154797940357,4.788540204776203,2.706106096097782e-5
g_pres,mg_mil,numeric,lm2,g_pres ~ mg_mil + I(mg_mil^2),mg_mil,-1.6968073839119933,0.5890481007732997,-2.8805922329338336,0.0065666430316165874
g_pres,mg_mil,numeric,lm2,g_pres ~ mg_mil + I(mg_mil^2),I(mg_mil^2),0.36755699822796245,0.15032337655376263,2.4451087159854143,0.019361785168028375
g_pres,bare,integer,lm2,g_pres ~ bare + I(bare^2),(Intercept),0.1664957928417805,0.13583485721361377,1.225722147150708,0.2280480606048334
g_pres,bare,integer,lm2,g_pres ~ bare + I(bare^2),bare,0.06623374782549148,0.023273844129829874,2.845844779917568,0.007181264592438781
g_pres,bare,integer,lm2,g_pres ~ bare + I(bare^2),I(bare^2),-0.0014016825281303869,6.058036811228897e-4,-2.3137570335199897,0.02634002461729672
g_pres,mg,numeric,lm1,g_pres ~ mg,(Intercept),0.8200956070665408,0.13681346588801338,5.99426088465457,5.796891093673634e-7
g_pres,mg,numeric,lm1,g_pres ~ mg,mg,-0.001163142233256335,4.516600979196187e-4,-2.5752601095688066,0.014032750416724268
g_pres,gyps,numeric,lm1,g_pres ~ gyps,(Intercept),0.6647191358946258,0.09278779567591096,7.163863857875831,1.4776847314393699e-8
g_pres,gyps,numeric,lm1,g_pres ~ gyps,gyps,-0.004401374788456235,0.0017268907080067928,-2.5487280509699297,0.014973631256264278
g_pres,cation,numeric,lm2,g_pres ~ cation + I(cation^2),(Intercept),1.447943555743432,0.4334125201988058,3.3407977117949015,0.0019181102327706153
g_pres,cation,numeric,lm2,g_pres ~ cation + I(cation^2),cation,-0.5120025888290884,0.28124344634318305,-1.8204960701709119,0.07677943699341543
g_pres,cation,numeric,lm2,g_pres ~ cation + I(cation^2),I(cation^2),0.043060455716805265,0.03758258177767873,1.145755658074028,0.2592529342015952
g_pres,ni,numeric,lm1,g_pres ~ ni,(Intercept),0.6503899637235143,0.09023814330150313,7.207483885727074,1.2907553854775499e-8
g_pres,ni,numeric,lm1,g_pres ~ ni,ni,-0.0699930137724493,0.027962143611170224,-2.5031347648357234,0.016726344227498573
g_pres,as,numeric,lm2,g_pres ~ as + I(as^2),(Intercept),0.33103368327953986,0.3194498612474712,1.0362617845155202,0.30680543770409974
g_pres,as,numeric,lm2,g_pres ~ as + I(as^2),as,6.284059991142777,4.112623063394584,1.5279931796024788,0.1350189098706139
g_pres,as,numeric,lm2,g_pres ~ as + I(as^2),I(as^2),-26.77170904087131,12.421347223862943,-2.155298339091556,0.03771401399789847
g_pres,slp_deg_cir,integer,lm1,g_pres ~ slp_deg_cir,(Intercept),0.9187109457277258,0.17603998797355705,5.218762829418765,6.6910935436355646e-6
g_pres,slp_deg_cir,integer,lm1,g_pres ~ slp_deg_cir,slp_deg_cir,-0.027873341290458473,0.011269228099553164,-2.4734028847604637,0.01796814142527906
g_pres,slp_pos,numeric,lm1,g_pres ~ slp_pos,(Intercept),0.4700544464609798,0.07857015094837203,5.982608417920054,6.014246060979568e-7
g_pres,slp_pos,numeric,lm1,g_pres ~ slp_pos,slp_pos,0.31397459165154273,0.12830451922464214,2.4471046970825703,0.01913588509690233
g_pres,zn,numeric,lm1,g_pres ~ zn,(Intercept),0.6976897958273397,0.10373397665273495,6.725759662747346,5.792816714121113e-8
g_pres,zn,numeric,lm1,g_pres ~ zn,zn,-0.09864218212298785,0.04069990594932847,-2.4236464390310317,0.020235276901974776
g_pres,soil_txtr,factor,lm1,g_pres ~ soil_txtr,(Intercept),1.0330910315360145e-15,0.2659080117391551,3.885144433141167e-15,0.9999999999999969
g_pres,soil_txtr,factor,lm1,g_pres ~ soil_txtr,soil_txtrclay loam,-1.114993269019277e-15,0.42043748259126124,-2.6519835057219327e-15,0.9999999999999979
g_pres,soil_txtr,factor,lm1,g_pres ~ soil_txtr,soil_txtrloam,-1.290493325102167e-15,0.42043748259126096,-3.0694059843297868e-15,0.9999999999999976
g_pres,soil_txtr,factor,lm1,g_pres ~ soil_txtr,soil_txtrsandy loam,0.6363636363636358,0.277731860300354,2.2912878474779172,0.02790474300410421
g_pres,salin,numeric,lm1,g_pres ~ salin,(Intercept),0.9834459295784506,0.20507797852962,4.795473100669406,2.509848345781899e-5
g_pres,salin,numeric,lm1,g_pres ~ salin,salin,-1.8827348237308041,0.7831020984485966,-2.404200968763447,0.021189696898663356
g_pres,ph,numeric,lm1,g_pres ~ ph,(Intercept),3.2344918205437776,1.1427869475162917,2.8303541859430155,0.007390087058831506
g_pres,ph,numeric,lm1,g_pres ~ ph,ph,-0.4622522938742264,0.19453797969267414,-2.376154489753004,0.022638134645770573
g_pres,plant,numeric,lm1,g_pres ~ plant,(Intercept),1.5236434993489791,0.4287698425881796,3.5535230046773427,0.0010352266003072175
g_pres,plant,numeric,lm1,g_pres ~ plant,plant,-0.010266188633759742,0.0043387013530472125,-2.3661892807048037,0.023173942889860463
g_pres,zn,numeric,lm2,g_pres ~ zn + I(zn^2),(Intercept),0.8789564607632486,0.1581198011496573,5.558800696513232,2.485926217669108e-6
g_pres,zn,numeric,lm2,g_pres ~ zn + I(zn^2),zn,-0.2843413150770085,0.130039219960299,-2.1865812111439764,0.03517275391205013
g_pres,zn,numeric,lm2,g_pres ~ zn + I(zn^2),I(zn^2),0.022141004858519827,0.014751176558783706,1.500965348105456,0.14185082528882642
g_pres,nonnativ,numeric,lm1,g_pres ~ nonnativ,(Intercept),1.2263242078056888,0.31058529821936687,3.948429674026406,3.2897900183387444e-4
g_pres,nonnativ,numeric,lm1,g_pres ~ nonnativ,nonnativ,-0.008121878492248857,0.0034881044981433713,-2.3284504511180573,0.025308357902414477
g_pres,li,numeric,lm2,g_pres ~ li + I(li^2),(Intercept),1.9026375523657713,0.8603500512464688,2.211469098664252,0.03326084312874379
g_pres,li,numeric,lm2,g_pres ~ li + I(li^2),li,-9.399605507974515,7.984221085236914,-1.1772726991934996,0.24660441077441633
g_pres,li,numeric,lm2,g_pres ~ li + I(li^2),I(li^2),11.849001104928695,18.136393696664395,0.6533272988614013,0.5175849264965461
g_pres,fe,numeric,lm2,g_pres ~ fe + I(fe^2),(Intercept),-0.07866234681923794,0.23395213874756482,-0.33623264673000014,0.7385949078015289
g_pres,fe,numeric,lm2,g_pres ~ fe + I(fe^2),fe,0.01182139529690643,0.0042976261208765324,2.750680251006891,0.009150458891818874
g_pres,fe,numeric,lm2,g_pres ~ fe + I(fe^2),I(fe^2),-4.296436194381819e-5,1.7180422384560323e-5,-2.5007744851738534,0.016948357863473987
g_pres,sr,numeric,lm2,g_pres ~ sr + I(sr^2),(Intercept),-0.5310648682080059,0.6435058732527359,-0.8252680982127276,0.41450876046640484
g_pres,sr,numeric,lm2,g_pres ~ sr + I(sr^2),sr,1.0610228734330576,0.5148010447342446,2.0610348100221683,0.0463800906467941
g_pres,sr,numeric,lm2,g_pres ~ sr + I(sr^2),I(sr^2),-0.232751662222989,0.09843387052930276,-2.36454851334634,0.023409655691737027
g_pres,asp_cir,factor,lm1,g_pres ~ asp_cir,(Intercept),0.49999999999999994,0.22549136162315986,2.2173798428500233,0.033821285089922444
g_pres,asp_cir,factor,lm1,g_pres ~ asp_cir,asp_cirN,-0.30000000000000027,0.3025284077570234,-0.9916424121100924,0.3288115589583458
g_pres,asp_cir,factor,lm1,g_pres ~ asp_cir,asp_cirNE,0.5000000000000002,0.3188929418054487,1.5679243233456135,0.12673554977949256
g_pres,asp_cir,factor,lm1,g_pres ~ asp_cir,asp_cirNW,0.33333333333333326,0.29110809609337734,1.1450500271432216,0.2606805581748596
g_pres,asp_cir,factor,lm1,g_pres ~ asp_cir,asp_cirS,2.725543418907645e-16,0.31889294180544897,8.546891641679707e-16,0.9999999999999993
g_pres,asp_cir,factor,lm1,g_pres ~ asp_cir,asp_cirSE,-0.49999999999999956,0.30252840775702355,-1.6527373535168168,0.10816407445390246
g_pres,asp_cir,factor,lm1,g_pres ~ asp_cir,asp_cirSW,0.12500000000000003,0.2761693886910713,0.4526207650762756,0.6538756557893384
g_pres,asp_cir,factor,lm1,g_pres ~ asp_cir,asp_cirW,-3.925231146709439e-16,0.3188929418054488,-1.2308930779359036e-15,0.999999999999999
g_pres,ph,numeric,lm2,g_pres ~ ph + I(ph^2),(Intercept),13.94329041085502,9.528452389371965,1.4633321174388576,0.15182063467954712
g_pres,ph,numeric,lm2,g_pres ~ ph + I(ph^2),ph,-3.846301635378253,2.995755028066061,-1.2839172760602093,0.20715306612031037
g_pres,ph,numeric,lm2,g_pres ~ ph + I(ph^2),I(ph^2),0.2644826020085573,0.2336446537580329,1.131986534913231,0.26492328602864024
g_pres,slp_deg,integer,lm1,g_pres ~ slp_deg,(Intercept),0.843489386628848,0.1697165337181624,4.969989476862507,1.4580528753814527e-5
g_pres,slp_deg,integer,lm1,g_pres ~ slp_deg,slp_deg,-0.025327187803486927,0.012040722359058795,-2.103460826370779,0.04210050595401161
g_pres,slp_pos,numeric,lm2,g_pres ~ slp_pos + I(slp_pos^2),(Intercept),0.5199999999999998,0.09541838556938753,5.449683484970092,3.4926720509192184e-6
g_pres,slp_pos,numeric,lm2,g_pres ~ slp_pos + I(slp_pos^2),slp_pos,0.3636363636363637,0.1392808357863099,2.6108140548084364,0.012967618609345607
g_pres,slp_pos,numeric,lm2,g_pres ~ slp_pos + I(slp_pos^2),I(slp_pos^2),-0.15636363636363626,0.16883074223020322,-0.9261561863563457,0.3603667282771632
g_pres,anion,numeric,lm1,g_pres ~ anion,(Intercept),0.8566574120658331,0.1780968464170942,4.810065025292941,2.3987161479749486e-5
g_pres,anion,numeric,lm1,g_pres ~ anion,anion,-0.1914367348806584,0.09274562365690547,-2.064105316589833,0.0458838821864433
g_pres,mo,numeric,lm1,g_pres ~ mo,(Intercept),0.7712644015698615,0.14301924668105365,5.3927315341679405,3.871560918344725e-6
g_pres,mo,numeric,lm1,g_pres ~ mo,mo,-8.702001315807243,4.261036008230262,-2.0422266554422874,0.048113384555246295
g_repro,al,numeric,lm2,g_repro ~ al + I(al^2),(Intercept),340.1904808082032,652.5512274298935,0.5213237926899025,0.6052478366920789
g_repro,al,numeric,lm2,g_repro ~ al + I(al^2),al,2089.065748286679,623.821660929212,3.3488188678394337,0.0018761064610340143
g_repro,al,numeric,lm2,g_repro ~ al + I(al^2),I(al^2),-196.2302913861351,62.751919262717664,-3.12708031390396,0.0034312864164965976
g_repro,plant,numeric,lm1,g_repro ~ plant,(Intercept),8107.8434524270115,3420.444250168976,2.3704065493909074,0.022945807127525822
g_repro,plant,numeric,lm1,g_repro ~ plant,plant,-71.45435766628063,34.61131036327183,-2.0644799898158492,0.045846503026287955
g_veg,al,numeric,lm1,g_veg ~ al,(Intercept),5.8371642316387815,3.124889622682041,1.8679585318053058,0.06949369911205812
g_veg,al,numeric,lm1,g_veg ~ al,al,2.5341152181959536,0.806690780975816,3.1413712390893487,0.0032519196056613486
g_veg,al,numeric,lm2,g_veg ~ al + I(al^2),(Intercept),6.953011427331693,3.1328180845131435,2.219411162653649,0.03267050650423808
g_veg,al,numeric,lm2,g_veg ~ al + I(al^2),al,-2.19869363722661,2.9948909736439395,-0.7341481398073796,0.4674856190345449
g_veg,al,numeric,lm2,g_veg ~ al + I(al^2),I(al^2),0.4935387825419271,0.3012642367993571,1.6382255915448254,0.10985224453966967
g_veg,dstrb_cir,integer,lm2,g_veg ~ dstrb_cir + I(dstrb_cir^2),(Intercept),-3.012194021221281,5.053236574656002,-0.5960920247289898,0.5547432176839435
g_veg,dstrb_cir,integer,lm2,g_veg ~ dstrb_cir + I(dstrb_cir^2),dstrb_cir,2.8895982628221044,1.0619072385908266,2.721139999626203,0.009857157195842608
g_veg,dstrb_cir,integer,lm2,g_veg ~ dstrb_cir + I(dstrb_cir^2),I(dstrb_cir^2),-0.07301265579982895,0.034202020991690826,-2.134746827316635,0.03947076666169007
g_veg,pb,numeric,lm1,g_veg ~ pb,(Intercept),26.988074294597755,7.161650339879861,3.7684155206955396,5.577196773719236e-4
g_veg,pb,numeric,lm1,g_veg ~ pb,pb,-16.172078087722124,6.395589280258403,-2.528629869594865,0.015724433988079406
g_veg,slp_pos,numeric,lm1,g_veg ~ slp_pos,(Intercept),8.250453720508164,3.001968957670668,2.7483474469069717,0.009112213211537752
g_veg,slp_pos,numeric,lm1,g_veg ~ slp_pos,slp_pos,12.28312159709618,4.902194779978538,2.5056371989262236,0.01662548447107899
g_veg,dstrb_cir,integer,lm1,g_veg ~ dstrb_cir,(Intercept),4.056025759609432,3.9920354535361664,1.0160294934296195,0.31604105179347725
g_veg,dstrb_cir,integer,lm1,g_veg ~ dstrb_cir,dstrb_cir,0.7108094386992226,0.30660378586363185,2.3183322302985827,0.025909927809235685
g_veg,li,numeric,lm2,g_veg ~ li + I(li^2),(Intercept),87.45008147212145,33.116145341711075,2.6407083484434004,0.012045713823150193
g_veg,li,numeric,lm2,g_veg ~ li + I(li^2),li,-627.3521899487195,307.3244727724365,-2.041334958746526,0.048397531182949136
g_veg,li,numeric,lm2,g_veg ~ li + I(li^2),I(li^2),1143.7802062377596,698.0966047053464,1.6384268287918804,0.10981009136430561
g_veg,dstrb,integer,lm2,g_veg ~ dstrb + I(dstrb^2),(Intercept),1.8961975580475552,4.2718282570423325,0.44388431461905664,0.6597114238959354
g_veg,dstrb,integer,lm2,g_veg ~ dstrb + I(dstrb^2),dstrb,2.427947990834372,1.0177570158888456,2.385587083095618,0.022284595898453746
g_veg,dstrb,integer,lm2,g_veg ~ dstrb + I(dstrb^2),I(dstrb^2),-0.05515479189462661,0.03431797690536457,-1.6071690952739361,0.11651887545517278
g_veg,li,numeric,lm1,g_veg ~ li,(Intercept),37.054073089729776,12.5399874245289,2.954873225570385,0.005346031271151149
g_veg,li,numeric,lm1,g_veg ~ li,li,-133.42502661694078,61.03903034212256,-2.185896890384663,0.03505440112496178
g_veg,dstrb,integer,lm1,g_veg ~ dstrb,(Intercept),5.565455677807763,3.685000093256891,1.5103000100303607,0.1392383429108887
g_veg,dstrb,integer,lm1,g_veg ~ dstrb,dstrb,0.9433257214033628,0.43602599183480334,2.163462130855629,0.03686022403437478
g_veg,rel_infil,factor,lm1,g_veg ~ rel_infil,(Intercept),22.49999999999999,5.22536768034032,4.305917090705969,1.223261576542574e-4
g_veg,rel_infil,factor,lm1,g_veg ~ rel_infil,rel_infilfair/slow,-18.944444444444464,7.981880976378448,-2.3734310872974165,0.02308198535599458
g_veg,rel_infil,factor,lm1,g_veg ~ rel_infil,rel_infilslow,-22.499999999999982,9.050602310577762,-2.486022391427301,0.01769568215257388
g_veg,rel_infil,factor,lm1,g_veg ~ rel_infil,rel_infilslow/fair,-13.730769230769218,7.2462811940843626,-1.8948711570810401,0.06616294727458093
g_veg,slp_pos,numeric,lm2,g_veg ~ slp_pos + I(slp_pos^2),(Intercept),6.959999999999997,3.668560362749281,1.8972019843729806,0.06562694166988424
g_veg,slp_pos,numeric,lm2,g_veg ~ slp_pos + I(slp_pos^2),slp_pos,10.999999999999993,5.354944441862116,2.054176307415596,0.047073945350738486
g_veg,slp_pos,numeric,lm2,g_veg ~ slp_pos + I(slp_pos^2),I(slp_pos^2),4.039999999999996,6.491052696640592,0.6223951936318242,0.5374991294113856
g_veg,cu,numeric,lm2,g_veg ~ cu + I(cu^2),(Intercept),20.302127301726355,5.042853568190631,4.025920449046616,2.7013755305507357e-4
g_veg,cu,numeric,lm2,g_veg ~ cu + I(cu^2),cu,-11.258821789865957,5.695813909672567,-1.9766835729563343,0.05556660192225158
g_veg,cu,numeric,lm2,g_veg ~ cu + I(cu^2),I(cu^2),1.223158100753814,0.8108453229494335,1.508497448446272,0.139919682650132
g_veg,cu,numeric,lm1,g_veg ~ cu,(Intercept),15.135814666942466,3.763107696326156,4.022158250139705,2.644066690921995e-4
g_veg,cu,numeric,lm1,g_veg ~ cu,cu,-2.940743528466845,1.4508020157604025,-2.0269778346878886,0.04972272207387364
