plot,g_cnt,g_cov,g_flwr,g_fruit,g_head,g_ht,g_perf,g_pres,g_repro,g_veg,hrb_ht,nativ,nativity,nonnativ,plant,wt_g,wt_lbs,asp,asp_cir,asp_cir_deg,asp_cir_e,asp_cir_n,asp_cir_rad,asp_deg,asp_e,asp_n,asp_rad,bare,dstrb,dstrb_cir,elev,slp_deg,slp_deg_cir,slp_pos,slp_shp,slp_shp_cir,al,anion,as,b,b_b,ba,ca,ca_mgl,ca_mil,cation,cd,cl,cl_mgl,cl_mil,co,cr,cu,fe,gyps,hlf_sat,k,k_mgl,k_mil,li,mg,mg_mgl,mg_mil,mn,mo,moist,n,n_mgl,n_mil,na,na_mgl,na_mil,ni,organic,p,p_mgl,p_mil,pb,ph,rel_infil,salin,sar,soil_txtr,sr,su,su_mgl,su_mil,zn
1,650,4,65,15,6.9,14.2,4485,1,4485,20,17,13,0.17567567567567569,61,74,12,1152.40103148,SW,SW,135,0.7071067811865476,-0.7071067811865475,2.356194490192345,135,0.7071067811865476,-0.7071067811865475,2.356194490192345,30,12,15,1325,15,16,1,0,-1,0,2.209214300403042,0.14445039895288095,0.1152849749725689,0.1135430895687498,7.117641392120256,528.6215230617303,16.751967727811486,0.8375983863905743,2.742886328348863,0.037944872042356796,57.28113498124663,57.28113498124663,1.6135530980632853,0.29563821343875696,0.057688833297013166,1.0303074092072082,31.69897211803572,44.32317630690212,0.23281824256598738,149.264060423511,6.382249770542845,0.16322889438728505,0.25379610705457556,361.95833607422304,9.969066734666288,0.8238898127823379,24.37811050338962,0.03385700109047411,0.018493150684931476,2.7110967065377007,2.7110967065377007,0.1936497647526929,43.393678837697145,21.117892400139322,0.9181692347886662,3.037118151083757,low/fair,8.613470070828818,0,0,0.40780717374669895,5.88,fair/slow,0.29,1.009113946461157,sandy loam,2.3235286194816367,8.947870405038959,6.4321830013930175,0.4020114375870636,0.853117227577778
2,19,0.1,37,26,6.6,13.4,125.39999999999999,1,125.39999999999999,37,12.75,22,0.1981981981981982,89,111,31,2977.03599799,NE,NE,315,-0.7071067811865477,0.7071067811865475,5.497787143782138,315,-0.7071067811865477,0.7071067811865475,5.497787143782138,5,3,12,1370,5,12,1,0,-1,0,1.6580667164667102,0.2523426380022684,0.11912050639324775,0.0704908754910495,2.7118588097033913,511.2563912072602,10.789530250409067,0.5394765125204534,1.9961991372160426,0.036951637924163894,34.6655650828357,34.6655650828357,0.9764947910657943,0.23990861223492707,0,0.797730683526641,141.3091442510399,9.00993565587576,0.25822045258873244,305.2062157118319,9.682447405754504,0.24763292597837605,0.23760325216507067,250.1992860553356,5.594512447904366,0.4623564006532534,16.6093107319333,0.016346629562648374,0.029399233063485204,4.661759943444952,4.661759943444952,0.3329828531032109,52.61277210361773,17.174865855471076,0.7467332980639598,1.0608143807633972,fair/low,17.44692983010742,0.36697340585410765,0.011837851801745408,1.207106164634779,5.86,slow/fair,0.21,1.0568466428704315,sandy loam,3.2430952327537486,13.801415485323542,5.38801952793535,0.3367512204959594,3.0043232059487086
3,0,0,0,0,0,0,0,0,0,0,12.25,6,0.05128205128205128,111,117,28,2688.93574012,S,S,180,1.2246467991473532e-16,-1,3.141592653589793,180,1.2246467991473532e-16,-1,3.141592653589793,0,0,1,705,5,5,-1,0,0,0,1.6678894940087385,0.2321397544874757,0.11972183550347054,0.07850842815427243,3.969686259835664,463.2205415831532,12.03290271207474,0.601645135603737,2.4419581391010965,0.05569083247107187,34.64190727820107,34.64190727820107,0.9758283740338329,0.14714373672903447,0,1.4989347257617052,106.47299723444999,54.38028454001554,0.22285481105513044,209.8824354598935,5.470295397889518,0.1399052531429544,0.228498377487284,368.4546194937044,6.140768732301496,0.5075015481240907,6.983950648639475,0.04221146414132785,0.03433922996878259,4.040201384992406,4.040201384992406,0.28858581321374327,89.94270651231226,27.43684265129723,1.1929062022303143,1.2567851976439919,fair/low,14.1532057465092,0.31857437736953054,0.010276592818371953,1.3161958090999029,5.9,slow,0.27,1.604550453423234,sandy loam,2.558919144511362,11.014886856033492,6.291179423084645,0.3931987139427903,2.5305430483411877
4,49,0.1,16,84,2.25,7,110.25,1,110.25,0,6.5,2,0.02040816326530612,96,98,12.5,1200.417741125,SW,SW,135,0.7071067811865476,-0.7071067811865475,2.356194490192345,135,0.7071067811865476,-0.7071067811865475,2.356194490192345,7,0,1,725,7,8,0,0,-1,0,1.757315086350252,0.16290389129584204,0.1159801193722188,0.07996895116997887,5.713652491193378,470.72023118223103,9.897265539140305,0.49486327695701526,2.371205839989834,0.026211777009108563,37.07900366231233,37.07900366231233,1.0444789764031643,0.17752891432444692,0.011479310856109296,1.2168436254530712,59.461489815402224,54.119962069424886,0.17820044296788498,328.0437217536358,7.87870823897468,0.20150148948784347,0.2395494280170325,366.402928919842,4.84782836081311,0.4006469719680256,9.850581213923489,0.016320695892226206,0.027131782945736548,2.145112601531814,2.145112601531814,0.15322232868084384,92.3940913286884,29.30646433626984,1.2741941015769496,1.1091584147963092,low/fair,7.3808384296497955,0.17564512165659701,0.005665971666341839,1.3097532267540932,5.8,slow,0.25,1.90737188287443,sandy loam,2.9551311457868397,10.903994669725915,8.86316495359843,0.5539478095999019,0.825242697297132
5,800,2,35,65,2.3,5.25,1839.9999999999998,1,1839.9999999999998,3,7,2,0.020202020202020204,97,99,13.5,1296.451160415,S,S,180,1.2246467991473532e-16,-1,3.141592653589793,180,1.2246467991473532e-16,-1,3.141592653589793,4,0,30,772,5,13,0,1,1,0,1.544966251658212,0.16085446916239227,0.11233466691067444,0.07651946077289792,5.465598159413148,430.2796298506614,14.014189567953045,0.7007094783976522,2.167710680601095,0.02878647989745229,23.709992655357176,23.709992655357176,0.6678871170523148,0.14152451670669045,0,1.2142168311298345,49.181809830562045,6.3818152332246365,0.17483302884031632,98.75076724588776,4.870779975063154,0.12457237787885304,0.21064426571940964,166.15292351060015,6.212077643601321,0.5133948465786217,8.242243887914722,0.046838893424256116,0.012729314863346922,6.566376800637831,6.566376800637831,0.46902691433127364,37.54008960720374,19.067781488157262,0.8290339777459679,1.11765492569634,low/fair,5.808761616592572,0.1417695083430831,0.0045732099465510675,1.2366800701698295,6.22,slow/fair,0.22,1.0657704813224735,sandy loam,2.377225357804633,4.935065173036749,6.4556641652491615,0.4034790103280726,0.4439557228990608
6,264,2,60,25,10.78571428571429,10,2847.4285714285725,1,2847.4285714285725,15,4.75,3,0.033707865168539325,86,89,21.5,2064.718514735,W,W,90,1,6.123233995736766e-17,1.5707963267948966,90,1,6.123233995736766e-17,1.5707963267948966,15,4,1,1130,10,13,0,0,0,6.831418494257435,1.404113769319983,0.08364709375947357,0.11965763182513203,0.07108088006607748,1.9728009646858873,388.3633876108655,10.532701184482892,0.5266350592241447,1.6751274165965226,0.04694948604356274,32.62329439520044,32.62329439520044,0.9189660393014208,0.13360090880407893,0.06339171524570025,0.5837062735931051,125.357206972428,5.12745765008324,0.22413004504703804,67.09985005347869,2.5510492949470813,0.06524422749225271,0.14973611647768492,98.8710737639034,4.831020075685594,0.39925785749467724,27.046474063761128,0.027935723382229133,0.018194541637508856,2.8189940678082763,2.8189940678082763,0.2013567191291626,30.161515588724942,15.731776264865305,0.6839902723854481,0.4994342827711028,fair/low,26.097833205296542,0.45637809904962995,0.014721874162891288,0.7121467830107714,5.5,fair,0.18,1.00691834336619,sandy loam,1.491687912727604,19.392554251288757,4.305106187624132,0.26906913672650823,4.147847804892616
7,352,2,75,20,12.4,10.6,4364.8,1,4364.8,5,11.5,3,0.03125,93,96,26.5,2544.885611185,NW,NW,45,0.7071067811865475,0.7071067811865476,0.7853981633974483,45,0.7071067811865475,0.7071067811865476,0.7853981633974483,2,1,5,1195,10,10,0,-1,0,0,2.085751596395744,0.2181121081053577,0.11812034289317207,0.07307020919896633,4.873868486759982,417.3952790735077,12.465308240868826,0.6232654120434413,2.447558323293014,0.05646747714222658,43.57373383787524,43.57373383787524,1.2274291221936686,0.25573849817171457,0.036356761778676694,2.0148565726891725,160.53484389704653,7.543956225103531,0.2025754990871268,355.360550114676,18.930472876812914,0.48415531654252975,0.1899438126293971,140.04826853589802,5.624732798114128,0.464853950257366,25.02844699727185,0.014983811285338407,0.03488372093023233,5.106201259915315,5.106201259915315,0.36472866142252247,44.376213088844295,20.131523822342565,0.8752836444496768,2.1068514401689717,fair/low,9.891948816182508,0.2584375116299938,0.008336693923548187,1.6389393496299332,5.6,slow/fair,0.28,1.1885916870979862,sandy loam,2.892752520627373,13.709210998332244,7.764113901696075,0.4852571188560047,2.287752466833514
8,12,0.1,68,16,10.25,16.25,123,1,123,16,14,2,0.020833333333333332,94,96,21,2016.7018050899999,NW,NW,45,0.7071067811865475,0.7071067811865476,0.7853981633974483,45,0.7071067811865475,0.7071067811865476,0.7853981633974483,8,7,20,1200,5,5,0,0,0,10.205451495998497,1.1425474632285935,0.11980170290888521,0.1209629678970535,0.10011603958260747,1.019630592098554,345.346214776652,8.479507315219777,0.4239753657609889,1.4230651679283004,0.015201698831276606,25.424004751124585,25.424004751124585,0.7161691479190024,0.1255054486296476,0.049859949148888826,0.29217708126085784,116.57159906458013,4.184988673891842,0.2132643542788181,113.71020330171825,5.0211300484708925,0.12841764829848828,0.1328861778272728,90.63472791969198,4.00311154318639,0.33083566472614795,20.430539925315472,0.01605018650984549,0.015712290502793394,2.0100252199891435,2.0100252199891435,0.14357322999922453,24.617580434657892,12.416239250281533,0.5398364891426753,0.3958911147149337,fair/low,22.186096941934405,0.2247903419387618,0.007251301352863284,0.26545741381344584,5.41,fair,0.153,0.8801817574998552,sandy loam,1.9257033284824763,21.942837668985682,4.40886054332005,0.27555378395750313,0.4327015275490967
9,299,1,45,50,5.6,10.9,0,1,1674.3999999999999,5,22,25,0.30864197530864196,56,81,24.5,2352.818772605,SW,SW,135,0.7071067811865476,-0.7071067811865475,2.356194490192345,135,0.7071067811865476,-0.7071067811865475,2.356194490192345,20,10,20,1384,7,7,0,0,0,2.849588573218308,1.2200170140489353,0.12124059411330453,0.11613010905905326,0.07975179882456987,1.6967538491826513,454.3657111938177,13.288423703376523,0.6644211851688262,1.7240403877917136,0.0326836266071004,19.259991512660292,19.259991512660292,0.5425349721876138,0.07336149360138393,0.025501389417788713,0.29716496437787615,68.92258182139804,3.132661852947603,0.2242288192263784,127.821001703266,4.818699623287856,0.12324039957257943,0.20002101251066368,125.04239825605546,5.80326005620689,0.4796082691080074,9.851656041815179,0.018561130821662674,0.015994436717663454,4.3681879679268425,4.3681879679268425,0.3120134262804887,18.427422664397664,10.505722280672913,0.45677053394230055,0.39952103011778817,fair/low,16.086928291986126,0.3031837052661874,0.009780119524715723,0.3519502003596779,6.09,fair,0.19,0.6049180068316725,sandy loam,2.518378136765172,9.726610396891832,5.691015936897871,0.35568849605611697,0.46125946844816734
10,0,0,0,0,0,0,0,0,0,0,18,1,0.010416666666666666,95,96,24.5,2352.818772605,SE,SE,225,-0.7071067811865475,-0.7071067811865477,3.9269908169872414,225,-0.7071067811865475,-0.7071067811865477,3.9269908169872414,5,4,2,1355,12,12,1,0,-1,0,1.798180519303949,0.24046523155798466,0.1224003200679868,0.07387800777766503,2.571840947606556,428.664340771464,10.75385222054225,0.5376926110271125,1.855107267278747,0.03896597517015276,30.22526945349837,30.22526945349837,0.8514160409436161,0.14279836551773178,0,0.769286189332457,201.88561857956364,75.5107352607005,0.23416622783245425,83.41207467822923,1.8993818287321056,0.04857754037678019,0.20841280889371216,452.41297058666584,5.997940737900941,0.4956975816447059,10.806823551349089,0.021079386201769263,0.03551476456504391,8.629186754473228,8.629186754473228,0.6163704824623734,51.261499806475115,17.782209287293416,0.7731395342301485,1.3416277955490645,fair/low,10.256382322985058,0,0,1.14853026533913,5.71,slow/fair,0.2,1.0774111067230725,sandy loam,2.8570965675787803,10.859068704388518,5.286303934367355,0.3303939958979597,1.0767306336355593
11,3,0.1,0,0,10.5,15.75,31.5,1,31.5,100,12.75,0,0,81,81,26.5,2544.885611185,NW,NW,45,0.7071067811865475,0.7071067811865476,0.7853981633974483,45,0.7071067811865475,0.7071067811865476,0.7853981633974483,20,19,22,1385,4,5,1,0,0,11.367694419466966,1.2211958718079592,0.09410104648508931,0.15115970093699518,0.2354316969613314,2.1148708694694407,318.8984812343535,9.8936728733026,0.49468364366513,1.5754063830943443,0.013250478295894893,21.049721821747333,21.049721821747333,0.5929499104717558,0.11386166200556241,0.060741987556134636,0.1917908003001406,90.92313926545962,2.767907797580053,0.20800190164557752,176.73749938745613,10.841864181473472,0.27728552893794045,0.12161647922621156,64.60910345970622,3.8220419884270087,0.31587123871297595,12.040957220864481,0,0.012293507491356138,5.0802180469130205,5.0802180469130205,0.3628727176366443,16.28181057400031,11.214017350900857,0.48756597177829814,0.18999470125995072,fair/low,15.821421768657475,0.7258505488974928,0.023414533835402995,0.5961980537126,5.73,fair,0.172,0.7670793814495993,sandy loam,2.2559314753118174,10.96046237923142,3.8713393578264963,0.24195870986415602,0.574418871793731
12,48,0.5,60,10,26.2,19.4,1257.6,1,1257.6,30,12,22,0.2391304347826087,70,92,35.5,3409.186384795,NW,NW,45,0.7071067811865475,0.7071067811865476,0.7853981633974483,45,0.7071067811865475,0.7071067811865476,0.7853981633974483,8,4,10,1395,20,25,1,-1,-1,9.706326053306322,0.8849193098544232,0.07314094791515688,0.1664019636469779,0.2381832709507187,1.2744178707152058,293.61744154025706,7.282785171365369,0.36413925856826845,1.4041831608660749,0.03237711328880613,10.142789364642166,10.142789364642166,0.2857123764687934,0.18814636316460942,0.06978472750787991,0.24046742333374435,112.63416189292005,4.127437831178436,0.20727436384234585,218.11698722298448,9.148512963234905,0.23397731363772137,0.09234386870287219,72.4966811129217,3.0456795574098843,0.2517090543313954,22.066267457734998,0.040733146983255884,0.015146733985484507,3.7649358067924683,3.7649358067924683,0.268923986199462,24.2790460657555,12.750223289559855,0.5543575343286894,0.35989204810773473,fair/low,19.671074884221582,0.5555030365188487,0.017919452790930605,0.5841804074346143,5.51,fair,0.163,1.0006066526407456,sandy loam,1.7020968295669046,16.858691529566116,4.997815910323797,0.3123634943952373,0.6913108116684685
13,0,0,0,0,0,0,0,0,0,0,21.25,6,0.061855670103092786,91,97,25.5,2448.852191895,SE,SE,225,-0.7071067811865475,-0.7071067811865477,3.9269908169872414,225,-0.7071067811865475,-0.7071067811865477,3.9269908169872414,5,4,7,1334,15,15,0,0,0,0,0.9320725052987384,0.19805272840390348,0.1274715132045475,0.2279144788633403,3.270710541014638,520.5113182268317,9.245580322758943,0.4622790161379472,1.769469445922583,0.051221624626019875,11.853575575405609,11.853575575405609,0.33390353733536926,0.18497593687423794,0.01574802994973782,0.9334785573148413,43.37882681617313,113.06786794187454,0.23088191275450437,135.60907058856213,2.961274761152766,0.0757359273952114,0.25571282766752285,550.7823406611484,4.6678289083716855,0.38577098416294925,11.990367664511542,0.02673095851949918,0.02878653675819303,3.780420477479709,3.780420477479709,0.2700300341056935,81.23350308056213,19.45072091920893,0.8456835182264753,1.6616868325051941,low/fair,7.944182509698423,0.4895078346897006,0.015790575312570988,0.7854703650576111,6,fair/slow,0.18,1.3008792980424195,sandy loam,3.4207031589772035,8.09509175441779,4.997573736721675,0.3123483585451047,0.9328208100601816
14,97,1,89,3,11.1,16.2,1076.7,1,1076.7,8,10.5,5,0.06329113924050633,74,79,16,1536.53470864,NE,NE,315,-0.7071067811865477,0.7071067811865475,5.497787143782138,315,-0.7071067811865477,0.7071067811865475,5.497787143782138,21,15,30,1366,12,10,0,0,0,5.316303890121321,1.2510517260974772,0.11193953800552907,0.1877973943952111,0.2319459157902251,1.4771494447810873,385.70552157497514,11.66404836055709,0.5832024180278544,1.8173471815911886,0.024503121379789085,25.48129222674885,25.48129222674885,0.7177828796267282,0.1394096040078606,0.05451874025121954,0.25806420488484816,106.76380943160821,3.1486665493579005,0.2106169961700739,161.00026144015786,8.359496969151438,0.21379787644888587,0.14206021354594867,94.4921738668019,5.667242197182811,0.46836712373411665,20.113996206087588,0.029025050866194998,0.012851684612712659,3.482486832992201,3.482486832992201,0.24874905949944295,18.521567937399414,12.695534557747628,0.5519797633803316,0.3129719414181327,fair/low,21.196611600136436,0.5894846094860483,0.019015632564066073,0.5528041535274967,5.66,fair,0.2,0.7624966581349468,sandy loam,1.7367552613098873,12.948420263103506,4.248066470515839,0.26550415440723996,0.6781158752441531
15,85,1,72,8,12.7,16.6,1079.5,1,1079.5,20,8,1,0.011111111111111112,89,90,13,1248.43445077,N,NE,315,-0.7071067811865477,0.7071067811865475,5.497787143782138,0,0,1,0,10,6,10,1437,10,10,1,0,0,5.543404625676512,1.7759788156206269,0.09820005909892951,0.09571228222550779,0.2384573178424644,1.796615261321624,378.7677185847436,12.766439867717606,0.6383219933858804,2.15888428643134,0.02891502785995613,19.003448100208363,19.003448100208363,0.5353083971889679,0.1178148149006071,0.06172325108124318,0.24480858842918743,139.65032156397498,3.229243787418762,0.22568436385066626,271.8214487152524,20.53651022280155,0.525230440480858,0.1467925951091133,79.82492045165006,5.874977957649487,0.4855353684007841,16.12659180419219,0,0.01486436269044986,12.747839100885173,12.747839100885173,0.9105599357775124,18.995551690698598,11.725319135767805,0.5097964841638176,0.37013546640256995,fair/low,18.922777065707308,0.684767190283162,0.022089264202682646,0.8492867646265421,5.49,fair,0.24,0.6811871809597221,sandy loam,2.03030844817878,16.48605694521396,4.928339495223423,0.30802121845146396,0.8871955039684911
16,850,22,85,10,29,25.1,24650,1,24650,5,19.75,21,0.2876712328767123,52,73,15.5,1488.517998995,NE,NE,315,-0.7071067811865477,0.7071067811865475,5.497787143782138,315,-0.7071067811865477,0.7071067811865475,5.497787143782138,12,10,5,1412,10,10,0,0,0,5.006105301369801,0.8347615845364276,0.13383293975839494,0.12944198217552524,0.2328342945932274,1.3750912818057761,350.410312855663,6.111341451314702,0.3055670725657351,1.2579231759748712,0.0312468784727651,14.574037471820043,14.574037471820043,0.4105362668118322,0.13374557053488367,0.07349205735241031,0.3493362190940742,113.7043621664566,5.567989790707031,0.1922411700449083,144.5267324396195,4.639625290420639,0.11866049336114166,0.1567895845566929,99.75560275154996,3.391220502691966,0.28026615724726994,11.73129862120652,0.016038060482557955,0.015151515151515053,3.2080332370988622,3.2080332370988622,0.2291452312213473,32.75288112180606,12.728877414416658,0.5534294528007243,0.47465092218347393,fair/low,15.423578901129014,0.24595998294930646,0.007934192998364724,0.889567226700751,5.7,fair/slow,0.128,1.024307105564364,sandy loam,1.908867699102927,12.696776721269595,2.994334296078133,0.1871458935048833,0.3947483809347663
17,152,0.5,9,84,2.461538461538462,5.923076923076923,374.15384615384625,1,374.15384615384625,7,7.5,2,0.030303030303030304,64,66,13,1248.43445077,W,W,90,1,6.123233995736766e-17,1.5707963267948966,90,1,6.123233995736766e-17,1.5707963267948966,35,1,2,1373,14,15,0,1,0,0,2.114823891506957,0.16939313583289728,0.17224089393285383,0.24099262351923623,2.0022992849226706,431.14121023691195,9.35595883119078,0.46779794155953897,2.789819804978915,0.025624851673590587,52.075663701509704,52.075663701509704,1.466920104267879,0.23866439992271407,0.05665539443558238,0.3767457219565642,75.4411556499635,17.220432362139984,0.2182973820564868,151.7582768129807,4.561387487758665,0.11665952654114232,0.1809268221681004,199.97872729999634,4.966200875301884,0.4104298244051144,10.324161074009716,0.020454734521827837,0.017195261750095364,2.871511215853719,2.871511215853719,0.20510794398955134,101.29666095376461,41.283447786881744,1.7949325124731192,0.5848909406002291,fair/low,11.880342378845981,0.3227683069553392,0.01041188086952707,1.1582317221459273,5.6,fair/slow,0.32,2.7132660188929907,sandy loam,2.5606040979229148,12.835349804439833,6.918143398079994,0.4323839623799996,0.7076922903826844
18,12,0.1,34,50,2.083333333333333,6.25,24.999999999999996,1,24.999999999999996,16,7,0,0,91,91,11.5,1104.384321835,SW,SW,135,0.7071067811865476,-0.7071067811865475,2.356194490192345,135,0.7071067811865476,-0.7071067811865475,2.356194490192345,10,6,25,1377,16,16,0,0,0,0,2.0698566240269485,0.17964846774627588,0.12988158414872594,0.2306651278721761,2.6112322115810653,486.09827833146136,14.307443193439228,0.7153721596719614,2.7016672462031144,0.03764692206476563,47.638685975661225,47.638685975661225,1.3419348162158091,0.2348147258818891,0.053171975196904114,0.37833095444868137,114.39526839578154,10.933806887582515,0.22865515878214687,100.83190406881428,3.519016343219487,0.09000041798515312,0.2087392968071726,251.07834638605868,8.016423345771333,0.6625143260968044,12.069832324747562,0.0456209161846648,0.022237910342393315,3.9550133163791106,3.9550133163791106,0.28250095116993645,62.22325047166558,28.376947876331492,1.2337803424491953,0.9811421888521911,fair/low,11.912278923468337,0.18424101031969262,0.0059432583974094394,0.8533996818734344,5.72,fair,0.3,1.4889756294601544,sandy loam,2.62268093589153,12.725331338087669,7.031641571900695,0.43947759824379345,0.7730452694808495
19,325,4,80,10,5.9,12.9,1917.5000000000002,1,1917.5000000000002,10,9.5,1,0.016666666666666666,59,60,17.5,1680.584837575,SW,SW,135,0.7071067811865476,-0.7071067811865475,2.356194490192345,135,0.7071067811865476,-0.7071067811865475,2.356194490192345,40,35,35,1485,20,15,0,-1,-1,3.749499367572,1.3264127396053909,0.09108786689272419,0.14802762743480555,0.231093223172305,1.175243522253067,350.45864930626607,8.858155516358806,0.44290777581794033,1.6963186153269252,0.043327817946673765,21.05762517598506,21.05762517598506,0.5931725401685932,0.1772101047215256,0.07488954780462394,0.2133188647458445,207.5262809503859,5.05372215957729,0.22071849832080326,201.7901636039551,9.617977394250358,0.24598407657929305,0.13841890243438473,133.39249369114037,4.552762570091638,0.376261369429061,10.761120077650185,0,0.016825164594001234,6.237476359928582,6.237476359928582,0.44553402570918443,29.727777409278172,14.516804050514507,0.6311653935006307,0.5201429218842936,fair/low,18.649996297689547,0.11301061558441798,0.003645503728529612,0.7152370635104287,5.39,fair,0.19,0.9878683835961652,sandy loam,1.8603226349775193,17.99620170298263,4.544970719985337,0.2840606699990836,0.7591460057804542
20,12,0.1,34,16,10.33333333333333,12.41666666666667,123.99999999999997,1,123.99999999999997,50,11.25,1,0.007936507936507936,125,126,15,1440.50128935,S,S,180,1.2246467991473532e-16,-1,3.141592653589793,180,1.2246467991473532e-16,-1,3.141592653589793,6,5,3,1507,10,10,0,0,0,0,1.24848911590552,0.08028150470510685,0.18848157557957487,0.2438685696477147,1.7390257715410906,448.3654953512797,11.943042938274424,0.5971521469137212,1.836113324046534,0.04516656674268416,16.625999029262218,16.625999029262218,0.46833800082428784,0.07379097559282867,0.0193923844170795,0.5816604476468578,76.79153241016078,52.44669017775924,0.2320305903937223,97.15617373722033,3.0342301974758965,0.07760179533186436,0.20354166089819187,390.1063177839751,6.59206495795578,0.5447987568558497,6.774414806745604,0.031398648638529356,0.03310502283105013,6.854994806981416,6.854994806981416,0.4896424862129583,36.538854759102634,14.18089437373727,0.6165606249450988,1.196470316671041,fair/low,7.146656069761357,0.2831103321823286,0.009132591360720277,0.539071242753048,5.97,fair,0.18,0.8173463690924999,sandy loam,1.6335599415903914,7.190656265628856,4.502016600120856,0.2813760375075535,0.5470691616956056
21,0,0,0,0,0,0,0,0,0,0,19.25,5,0.0390625,123,128,28.5,2736.952449765,W,W,90,1,6.123233995736766e-17,1.5707963267948966,90,1,6.123233995736766e-17,1.5707963267948966,2,1,2,1445,10,10,0,0,0,0,5.425631886287876,0.23544130076215813,0.17587071023759254,0.2271198636074805,2.358790951918458,408.588420170503,23.432685447585413,1.1716342723792708,5.017283570103925,0.05834146806430329,69.74417574276184,69.74417574276184,1.9646246688101927,0.19208150271575164,0.06047956728507868,0.7397349620599157,262.8678366027852,9.169085453857726,0.24886818565233132,478.99355820368197,58.49593457663754,1.4960597078423923,0.1652906095220281,104.72286337529378,11.452750112117457,0.9465082737287155,17.047469131830063,0.022762564596284677,0.04366987179487165,42.753531455498155,42.753531455498155,3.0538236753927253,53.93579678739838,32.27087027153157,1.4030813161535465,0.9690699310615798,fair/low,19.457915715395924,0.3553742621464988,0.01146368587569351,1.231072503015208,5.48,fair,0.63,1.3656517694788093,sandy loam,2.2790517960207164,18.374776465556867,6.331517699348242,0.39571985620926514,1.5007540078923003
22,0,0,0,0,0,0,0,0,0,0,11,0,0,108,108,33.5,3217.119546215,S,S,180,1.2246467991473532e-16,-1,3.141592653589793,180,1.2246467991473532e-16,-1,3.141592653589793,0,0,0,766,16,16,0,0,0,0,2.2655623682741446,0.1714626571953721,0.1715145107812051,0.24120970632145472,4.31012516850549,440.52547291691957,16.397999414164115,0.8198999707082057,3.0321486396879664,0.13409485800573331,56.47404767414807,56.47404767414807,1.590818244342199,0.16930697498940825,0.013607399492376526,6.321732226919288,17.910042914421645,165.07663377172784,0.282373332210371,272.8617899473365,4.525073106903221,0.11573076999752484,0.331956942651324,677.8626689975717,9.526320313740463,0.7872991994826829,8.820431440974208,0.04439984293793627,0.05177709521720052,2.570290284844574,2.570290284844574,0.18359216320318386,140.48207648546577,30.112030088489725,1.3092186994995532,4.29728652357914,low/fair,5.835242779466406,0.4179536175767615,0.013482374760540695,2.157934437767339,5.94,slow,0.34,1.4629840794091469,clay loam,2.2691985014652114,12.673936616973084,7.642713375491535,0.47766958596822096,3.128587596555389
23,0,0,0,0,0,0,0,0,0,0,5.5,6,0.039473684210526314,146,152,23,2208.76864367,E,E,270,-1,-1.8369701987210297e-16,4.71238898038469,270,-1,-1.8369701987210297e-16,4.71238898038469,1,1,1,1161,10,10,0,0,0,0,1.5330991326248304,0.15158658629872593,0.1031701631447883,0.2336297454183759,7.677618097082449,474.2380532804346,12.46971245841975,0.6234856229209875,2.209960592750064,0.042582333696615134,34.33942448359509,34.33942448359509,0.967307731932256,0.25588611272820944,0.08940889885017554,1.6877308737255836,70.2929758703828,6.812530268852895,0.1787648326423213,138.36998297464734,5.2548192972024435,0.13439435542717246,0.19968028116186648,191.72849672775567,6.70997843818594,0.5545436725773505,21.533332447274915,0.058277261501982994,0.016479894528675015,1.2379172709857003,1.2379172709857003,0.08842266221326431,40.073707463840556,20.643349661964724,0.8975369418245532,1.3970441082295237,fair/low,8.557155302464531,0.31927606931302677,0.010299228042355703,1.157303461801797,5.73,fair/slow,0.24,1.1714514578961832,sandy loam,3.761759733420951,10.1593606730096,7.473112166991271,0.46706951043695444,1.1233379068532203
24,0,0,0,0,0,0,0,0,0,0,12,3,0.03409090909090909,85,88,34,3265.13625586,W,W,90,1,6.123233995736766e-17,1.5707963267948966,90,1,6.123233995736766e-17,1.5707963267948966,15,14,3,1155,10,10,1,1,-1,0,1.5895852897199991,0.3259988959683563,0.12243150358396762,0.24041316233223284,2.1892060035576835,444.7906005718335,12.925507185952284,0.6462753592976143,2.2209163774243397,0.027261490114004902,29.905540065800736,29.905540065800736,0.8424095793183306,0.2865018014977716,0.06521351154125661,0.36930640083676203,95.32915220295915,7.698770799585721,0.22526687540959756,195.03004314228266,7.5115022560138165,0.1921100321231155,0.1924913494714415,181.4541096678677,6.725772412209576,0.5558489596867419,18.58518436223365,0.0175931834138627,0.01918735891647875,2.778755065370211,2.778755065370211,0.19848250466930079,45.28688705638659,19.013686605287955,0.8266820263168676,0.5298263351403961,fair/low,13.391120767156576,0.4099346130572382,0.013223697195394781,1.1350194362610495,5.62,slow/fair,0.23,1.068091523306561,sandy loam,4.023323614691149,15.101616238522174,8.567512136591569,0.5354695085369731,0.8563708776240072
25,0,0,0,0,0,0,0,0,0,0,26.5,54,0.5094339622641509,52,106,39,3745.30335231,NW,NW,45,0.7071067811865475,0.7071067811865476,0.7853981633974483,45,0.7071067811865475,0.7071067811865476,0.7853981633974483,5,5,5,1155,13,15,0,0,-1,0,0.7282240755921079,0.20507332424466065,0.0960058504206437,0.2379949473844115,2.0736413595200527,434.5143548307053,7.012666550759892,0.3506333275379946,1.1951415647756634,0.0382457997338236,12.192515030683097,12.192515030683097,0.34345112762487595,0.27947187770047965,0.05515769419163954,0.4489591296561063,110.25899863059146,5.5812093331701425,0.24235185159650505,152.24665157443985,4.296910991828622,0.10989542178589827,0.1716643748026748,171.13066540821544,3.6954177235540704,0.3054064234342207,21.25550343617933,0.014709501695019144,0.021531100478468988,1.8815241799500153,1.8815241799500153,0.13439458428214396,32.83064313629495,9.871747016403642,0.4292063920175497,0.6220705430693855,fair/low,12.19577533766803,0.3704164516945086,0.011948917796597052,1.0041676075358672,5.86,slow/fair,0.116,0.7506677863450745,sandy loam,3.523552520993805,11.463892268027385,3.8148711342158546,0.2384294458884909,1.0198009340871954
26,22,0.1,60,5,4.8,15.3,105.6,1,105.6,35,10.5,0,0,97,97,39.5,3793.320061955,E,E,270,-1,-1.8369701987210297e-16,4.71238898038469,270,-1,-1.8369701987210297e-16,4.71238898038469,7,7,7,1271,10,10,1,0,-1,0,1.6268865312486191,0.19018529570831766,0.11993323285861664,0.14751583599092533,3.102008086261846,481.1195997001693,7.253136441163218,0.3626568220581609,1.874677674608799,0.040974426356048636,30.657838978420784,30.657838978420784,0.8636010979836841,0.294086393141825,0.04995461355725282,0.49973742739345045,135.8114734446933,35.72169905549001,0.21010745982645307,109.01615219821694,7.5279983120880996,0.1925319261403606,0.2190271938790513,332.2324165000279,5.307344626850865,0.4386235228802368,15.47363594399793,0,0.02376791331702201,3.876362979781149,3.876362979781149,0.2768830699843678,50.50000947341645,20.259904281190934,0.8808654035300406,0.9905908278581685,fair/good,13.248898566440749,0.5224838428894716,0.0168543175125636,0.8990080513513193,5.76,slow/fair,0.21,1.3941721510526428,sandy loam,3.093801441478816,12.46544693165614,7.512768732288058,0.46954804576800363,0.6771431862913511
27,1,0.1,0,100,49,22,49,1,49,0,12.25,6,0.06315789473684211,89,95,17.5,1680.584837575,N,N,0,0,1,0,0,0,1,0,5,1,2,1394,5,7,1,-1,-1,10.930258999297497,1.4126671193888023,0.07663052909162094,0.12166763554697048,0.16566200940506753,1.4080313414705228,460.5102006591257,12.690897140218908,0.6345448570109454,1.9831351471981242,0.04929228869220391,26.243945586080297,26.243945586080297,0.7392660728473324,0.05246028073662598,0.03723461967869258,0.3540122062618601,77.21094651174978,2.4196261485039505,0.2587907628488384,189.34226464058017,14.20740082126865,0.363360634815055,0.194738416375084,96.66235675325947,7.445197777576818,0.6153056014526296,15.304220144952282,0.04148265600443809,0.023837436498632254,4.252236033172611,4.252236033172611,0.3037311452266151,14.233094991199708,8.508253240148372,0.36992405391949446,0.3528251287256784,fair/good,26.955321862463737,1.8855387599638436,0.0608238309665756,0.9121500093981888,5.82,fair,0.19,0.4687565622846669,sandy loam,2.84639128392068,13.114776001044511,4.941537125572467,0.3088460703482792,2.3474851017803777
28,0,0,0,0,0,0,0,0,0,0,20,2,0.019417475728155338,101,103,35.5,3409.186384795,SE,SE,225,-0.7071067811865475,-0.7071067811865477,3.9269908169872414,225,-0.7071067811865475,-0.7071067811865477,3.9269908169872414,2,2,5,1380,7,7,0,0,0,0,1.6439750716785733,0.13785040096795606,0.13473306739878732,0.0980083103487755,1.8304197092865904,476.2583605659508,11.376774426627968,0.5688387213313983,2.321904579815326,0.06464072516648557,19.059320244979894,19.059320244979894,0.5368822604219688,0.1258047818709557,0.052836707680475034,0.44778341186746606,89.66114128928989,4.030771150274995,0.20961300682456874,307.0248956623984,25.38962532706214,0.6493510313826635,0.19651885231774516,78.28855431515532,5.606640254104288,0.46335869868630486,14.13787683705056,0.05594879052837909,0.017262143717382855,11.567722540866859,11.567722540866859,0.8262658957762042,23.71041853102938,14.72819095354406,0.6403561284149591,0.7691271035123083,fair/good,21.28064091693503,0.8246677160721423,0.026602184389423945,0.6156982080009346,5.95,fair/slow,0.23,0.8928453033431891,sandy loam,2.1348671785688724,9.250487442998832,4.0675956974556184,0.25422473109097615,1.8187641000025982
29,2,0.1,50,50,3,12,6,1,6,0,16.75,65,0.6310679611650486,38,103,6.5,624.217225385,E,E,270,-1,-1.8369701987210297e-16,4.71238898038469,270,-1,-1.8369701987210297e-16,4.71238898038469,4,1,4,1322,16,16,1,0,0,0,1.1855211776365981,0.20076402473494712,0.11760349186105368,0.16815741770243714,2.948177513795411,441.14053546839756,7.416864678166762,0.3708432339083381,1.6611372823761423,0.03290665150202293,21.457373862880182,21.457373862880182,0.6044330665600052,0.23202375619283874,0.030720210368473447,0.17085228750295436,51.93893537073394,54.310258302388526,0.23356877590508301,119.698011641145,7.005603984655971,0.17917145740808108,0.19414712167319143,395.1620676746129,4.878268643329191,0.40316269779580094,17.60811158936974,0.013343990857142494,0.024379991593106276,5.5510225343735415,5.5510225343735415,0.3965016095981101,37.68691746921333,16.283077545070213,0.7079598932639223,0.7568737106437673,fair/low,6.995869830702459,0.20086266119499518,0.006479440683709522,0.3564535538089836,5.78,fair/slow,0.19,1.1400361463226334,sandy loam,3.4538261067404195,5.33549308156141,2.8497129727163757,0.17810706079477348,0.6019741075971518
30,6,0.1,33,33,3,8.666666666666666,18,1,18,34,7,62,0.512396694214876,59,121,17.5,1680.584837575,NW,NW,45,0.7071067811865475,0.7071067811865476,0.7853981633974483,45,0.7071067811865475,0.7071067811865476,0.7853981633974483,1,0,25,1409,12,14,0,0,0,0.5164951201223033,1.1540962586127683,0.17590352378333224,0.11539198823048526,0.10169529388638643,1.9385980377028287,458.5851545931141,9.411059764209956,0.4705529882104978,1.7239411816646228,0.050893107642621234,23.504755189049227,23.504755189049227,0.6621057799732176,0.16962387700319584,0.049114760358748295,0.36315424078701763,80.04754141458564,4.996904372178221,0.2521248609987509,200.50348211760826,8.744732268536751,0.22365044165055628,0.18794211932565572,244.4013264180411,6.125109393908799,0.506207387926347,16.24436338266737,0.051935210468282304,0.022390754785121147,3.245293794183152,3.245293794183152,0.23180669958451086,29.393555130460125,12.041198369176097,0.5235303638772216,0.6312294164344814,fair,15.123417512938374,0.35864573910829795,0.011569217390590256,0.7180378682756668,5.81,slow/fair,0.158,0.7504612758527354,sandy loam,2.4281023031761446,11.159091860449838,3.9778329866311943,0.24861456166444965,1.12967796480346
31,0,0,0,0,0,0,0,0,0,0,29.75,24,0.24,76,100,55.5,5329.8547705949995,N,N,0,0,1,0,0,0,1,0,10,6,8,1459,14,17,0,0,-1,0,2.5528158793851516,0.2563298276412086,0.13037336622023632,0.1358321494903559,4.967038546133048,396.48963433222764,23.919959729468097,1.195997986473405,3.4202934172821253,0.14366207665840824,50.505919260490046,50.505919260490046,1.4227019509997196,0.06958190252670961,0.03819763371690064,7.2846746338330055,39.7324912215535,28.277801551829278,0.30903015764222086,323.6087283773416,8.950173707272558,0.2289046983957176,0.20672107568308806,294.86248337429515,10.634016228073603,0.8788443163697193,18.587910471765376,0.04070349705095114,0.09016393442622965,7.745822205015747,7.745822205015747,0.5532730146439819,79.25401199006986,25.680567568995517,1.1165464160432834,5.229436391221669,fair,7.235497033970819,0.2820405755739977,0.009098083083032183,1.899725068853495,6.11,slow,0.35,1.0980043260461256,clay loam,1.6770903189341553,11.356365632801312,9.083885290534683,0.5677428306584177,3.797130519113851
32,0,0,0,0,0,0,0,0,0,0,34.75,20,0.1941747572815534,83,103,60,5762.0051574,N,N,0,0,1,0,0,0,1,0,6,4,8,1564,27,25,1,0,-1,0,3.131593132495622,0.2717476086513901,0.12394687655116918,0.10600129302123479,4.0958546817328605,489.3968692321684,41.075246721673096,2.053762336083655,6.844942172697829,0.04704706334918523,34.77608142654206,34.77608142654206,0.9796079275082271,0.23967086472872867,0.05224443575084319,1.6524997962711316,91.4513618826466,12.6858481554517,0.2701937084619517,163.25586854399484,7.635830965143376,0.19528979450494569,0.21025514659475025,253.58690859514397,43.81981891904489,3.6214726379375946,24.716827118989542,0,0.06834410064603895,5.717875918855513,5.717875918855513,0.4084197084896795,67.65981364149523,22.411600295947576,0.9744174041716337,1.97737699440578,fair,11.780498865256021,1.8006860368762612,0.058086646350847135,1.2873464885477264,6.17,slow/fair,0.46,0.5795758744818416,sandy loam,4.071511218205597,11.758556219539944,26.967661602349892,1.6854788501468683,1.644930383387621
33,0,0,0,0,0,0,0,0,0,0,17.75,16,0.17777777777777778,74,90,39,3745.30335231,N,N,0,0,1,0,0,0,1,0,15,12,15,1390,13,20,0,-1,-1,0,1.192013380433478,0.21199723397658954,0.16366391021589163,0.10190736455058222,3.9163994265552637,463.9315968630157,7.842478494955037,0.3921239247477518,1.8672001162420655,0.05056894305800256,21.796830423337063,21.796830423337063,0.6139952231925934,0.21039892596762244,0.04098038347665146,1.5593232213239505,87.059984191317,10.905142843047171,0.23128816992486564,155.2795743020554,5.915025204284806,0.15127941698938122,0.20009208133367837,241.04940459306144,6.605389172450235,0.5458999316074574,23.43148966315768,0.027211423203181904,0.03631185475258084,1.7618977761286834,1.7618977761286834,0.1258498411520488,64.14789907674806,17.89162738664193,0.7778968428974752,1.884722972082838,fair,11.282023256825207,0.40147978590498484,0.012950960835644672,1.1498000089251499,5.75,slow,0.167,1.1379843672723629,sandy loam,3.8730133883057083,11.057640473571453,7.0274776840510595,0.4392173552531912,1.5507731501086535
34,0,0,0,0,0,0,0,0,0,0,63.75,1,0.00980392156862745,101,102,66,6338.20567314,SE,SE,225,-0.7071067811865475,-0.7071067811865477,3.9269908169872414,225,-0.7071067811865475,-0.7071067811865477,3.9269908169872414,2,0,1,1010,17,25,-1,-1,-1,0,1.3061184628019769,0.1810295975501618,0.13328715465708021,0.1459718659413774,3.6269693935516845,332.6751033832522,21.975340853636023,1.0987670426818013,2.683861587033572,0.07545946498517776,21.793281377053454,21.793281377053454,0.6138952500578437,0.0362641452580244,0,4.893550579134936,8.677078496909008,61.80065789530668,0.3830729583343262,252.10828773638326,6.927195648953764,0.17716612912925225,0.24334846989867345,409.13468869986974,10.249218258155256,0.8470428312525006,0.8162556513322455,0.02355427326048781,0.11648822269807275,4.985964662261984,4.985964662261984,0.3561403330187131,54.62476837852743,12.900368431310401,0.5608855839700174,2.530913716248149,fair/low,2.6391701957038958,0,0,1.4915324301457569,6.74,slow,0.26,0.5695756449324488,clay,2.237694031488712,6.835113015026266,5.377326075606722,0.3360828797254201,1.0067028289783007
35,0,0,0,0,0,0,0,0,0,0,36.25,4,0.06060606060606061,62,66,37,3553.23651373,SW,SW,135,0.7071067811865476,-0.7071067811865475,2.356194490192345,135,0.7071067811865476,-0.7071067811865475,2.356194490192345,40,0,2,1105,29,25,0,-1,-1,0,1.0581553416899505,0.03083534248039012,0.168544674064192,0.17735345301818617,2.473239743957594,319.82923085195415,32.20002678126691,1.6100013390633454,2.773116437439702,0.01733641242217321,23.847207863820007,23.847207863820007,0.6717523341921129,0.060176074574129663,0,4.449518230216297,7.723036336382862,4.341030633031703,0.3214809070862814,224.3511669801492,7.117433854097167,0.18203155637077154,0.20476410464502898,178.11178863402986,6.959682074189897,0.5751803367099089,5.73734419598548,0.0389482319131167,0.05741626794258393,2.291546199246774,2.291546199246774,0.16368187137476958,25.53547431195119,9.335773721800553,0.40590320529567625,0.6721012106825214,fair/low,2.887471780177406,0,0,1.9097176222897452,7.69,slow/fair,0.25,0.38886235761273164,clay,2.605452203398562,6.468390042129862,3.5635381779690896,0.2227211361230681,0.6167709260636298
36,0,0,0,0,0,0,0,0,0,0,11.5,2,0.020618556701030927,95,97,10,960.3341929,SW,SW,135,0.7071067811865476,-0.7071067811865475,2.356194490192345,135,0.7071067811865476,-0.7071067811865475,2.356194490192345,5,1,1,1108,15,15,0,0,0,0,2.7549944647738043,0.18122281491062583,0.12354187166747417,0.15613251410447848,7.833492774500884,471.3950910677243,17.08876814686675,0.8544384073433375,3.392950255585953,0.08477417622067955,68.30932320923857,68.30932320923857,1.924206287584185,0.29289351714956297,0.04553327014039879,4.904045916737026,43.557331121590664,184.54038103940857,0.294415512465374,177.38511769501517,3.3900297735898244,0.08670152873631264,0.34193628513328606,725.1493512249383,7.9722856575806,0.658866583271124,14.447134735339114,0.02199703258834481,0.06442105263157899,2.840378429059904,2.840378429059904,0.20288417350427884,163.18291255987614,41.23770593340912,1.792943736235179,4.063634009400285,fair/low,7.973831363597082,0,0,1.7457954427408926,5.7,slow/fair,0.38,2.064575673260516,clay,2.814637112943065,14.16233539257616,10.04646405896545,0.6279040036853406,2.886953238650181
37,0,0,0,0,0,0,0,0,0,0,17,21,0.19626168224299065,86,107,31,2977.03599799,SW,SW,135,0.7071067811865476,-0.7071067811865475,2.356194490192345,135,0.7071067811865476,-0.7071067811865475,2.356194490192345,1,0,5,1388,15,25,0,0,-1,0,1.559836813608288,0.20617991495999227,0.11680089690797726,0.06385144200253765,2.930631630042011,452.9498538129196,8.238107795457744,0.41190538977288715,1.6990273744062228,0.07666468789060707,35.126362411237096,35.126362411237096,0.9894749974996365,0.17551088894743472,0.03726212989659572,1.619653403367321,52.24374585665283,108.26687673204384,0.23135029499248483,138.63982760136614,4.113868977422985,0.10521404034329886,0.21580702554943512,539.9402733335711,4.853091158110267,0.4010819138934105,16.07974636198186,0.018190628239846855,0.0391822827938672,2.7169622312197115,2.7169622312197115,0.19406873080140796,74.03874430567858,17.958998699122404,0.7808260303966262,1.9409256418170016,fair/low,6.404139257865056,0.16483160946170566,0.005317148692313086,0.9220961179622021,5.72,slow/fair,0.163,1.2268088010717046,sandy loam,3.269484038439153,8.558109936274063,5.9356149858388845,0.3709759366149303,1.8918730453960453
38,0,0,0,0,0,0,0,0,0,0,34.5,0,0,104,104,60.5,5810.0218670449995,SE,SE,225,-0.7071067811865475,-0.7071067811865477,3.9269908169872414,225,-0.7071067811865475,-0.7071067811865477,3.9269908169872414,3,2,2,1208,9,9,-1,0,0,0,1.6653804676109807,0.17076418080945538,0.11514666813212728,0.1256630950571545,1.8616136880313947,441.75493798753865,14.2781756783294,0.7139087839164687,2.1899791644572244,0.0801563317774607,28.289142067505065,28.289142067505065,0.7968772413381708,0.13778705755565554,0.05357502798434625,0.7160527163066523,141.14854531071268,4.279790560634811,0.21472285262707452,211.8533715863599,13.415182419816947,0.34309929462447436,0.1881085415466102,109.07039126262364,6.818379857403712,0.5635024675540258,20.162929339567505,0.0410624016566983,0.016874789065136685,7.6886853806736095,7.6886853806736095,0.5491918129052579,25.17523859196947,13.097778222331884,0.5694686183622558,1.2964591387811086,fair,20.929398257077995,0.6323861922354661,0.020399554588240842,0.6250411034393698,5.87,fair/slow,0.21,0.7137325159177229,sandy loam,1.8932494976263334,10.241575307194998,4.782589740468976,0.298911858779311,2.0815248825494246
39,0,0,0,0,0,0,0,0,0,0,30,8,0.07766990291262135,95,103,27,2592.90232083,N,N,0,0,1,0,0,0,1,0,2,1,2,1239,33,35,0,0,-1,0,2.0459603851384993,0.030778358525030646,0.13886362618936723,0.11183445885522011,1.142196229328516,444.776311031347,21.41008487515574,1.070504243757787,2.563313123533898,7.546403040152836,37.17178850178324,37.17178850178324,1.047092633853049,0.1412447185786279,0.22141800205305542,7.649853698511636,40.925896688714225,29.375446149231212,0.3938114167881944,75.70386392169141,1.2340173728848787,0.03156054662109664,0.18423181135842764,269.4648933034618,8.135959212770066,0.672393323369427,13.113102348629043,0.06135576462401636,0.12510936132983375,8.097671014213223,8.097671014213223,0.5784050724438016,135.0119491711107,18.143665225068517,0.7888550097855876,16.527876140789065,fair,26.632649436335193,1.7209946935103178,0.05551595785517154,1.3407082323482162,5.99,slow/fair,0.26,0.8463634305541813,loam,0.6749943923895957,13.491487821169084,5.839147535783635,0.3649467209864772,8.275926905554497
40,0,0,0,0,0,0,0,0,0,0,56.75,0,0,106,106,70.5,6770.356059945,E,E,270,-1,-1.8369701987210297e-16,4.71238898038469,270,-1,-1.8369701987210297e-16,4.71238898038469,1,1,3,1817,10,22,-1,1,-1,0,3.3188519239083956,0.031931473027396295,0.15181501899196606,0.09369371708640484,1.4917401126454184,564.7428217669301,27.3842098591162,1.36921049295581,3.9391914064935016,1.8734507259074857,41.6133766033966,41.6133766033966,1.1722077916449747,0.05833454399145502,0.16165152605529137,4.801160107782659,60.60779564751284,48.208015376836904,0.4582827783170313,149.11064662041696,3.1026029253777567,0.07935045844955899,0.24397129432117115,297.5109174233964,11.327384284476185,0.9361474615269575,5.085835939533731,0.07432703038474692,0.19658590308370025,23.493091541983404,23.493091541983404,1.6780779672845287,191.34948604185936,35.75310885190703,1.5544829935611753,5.2423347423251405,fair,37.811601889998116,2.0684244408659,0.06672336906019033,1.3523037661880477,6.23,fair/slow,0.39,1.4501916757696067,loam,1.2786473382832546,17.259746625807576,6.429484734699223,0.4018427959187014,9.061235669306852
