resp,var,type,coef1,se1,p1
g_cnt,plant,numeric,-4.9981590385038634,1.8043749625928003,0.008623992245767334
g_cnt,wt_lbs,numeric,-0.048608831184522694,0.021417073350851697,0.0289890002653227
g_cnt,wt_g,numeric,-4.668072266340097,2.0567547850670276,0.028989000265322723
g_cnt,dstrb_cir,integer,7.488785807178472,3.4285075417019795,0.03518267133496942
g_cnt,hlf_sat,numeric,-1185.4241691970979,565.9770482467704,0.042939410005088
g_cnt,nonnativ,numeric,-3.0151844966659733,1.509871368799537,0.05302593174268624
g_cnt,slp_shp_cir,numeric,119.87261146496826,60.5060384437786,0.05484282424340055
g_cnt,bare,integer,6.030940734842456,3.1405649600073042,0.062343910987579826
g_cnt,moist,numeric,-1519.697945498327,911.3575692843506,0.10363489801777533
g_cnt,dstrb,integer,7.784374783751984,4.973400049750025,0.12582630615215784
g_cnt,p_mil,numeric,-3187.4842791423375,2049.43068320071,0.12816426845008555
g_cnt,p_mgl,numeric,-102.82207352072052,66.1106672000229,0.12816426845008574
g_cnt,mg,numeric,-0.30097759359996273,0.20255271689540777,0.14554976110838666
g_cnt,na,numeric,-1.1318296270868675,0.8235419256873341,0.17738682253165633
g_cnt,gyps,numeric,-1.0067605768395946,0.7784664161525255,0.2037276724540707
g_cnt,zn,numeric,-22.951128799938296,18.238949347945013,0.21593918681555743
g_cnt,cu,numeric,-20.31636718571982,16.63512367191836,0.2294982340084205
g_cnt,sr,numeric,-52.98191932816191,43.81153424976893,0.2340124589541177
g_cnt,hrb_ht,numeric,-3.0464303891176616,2.6628869875636605,0.259765577436606
g_cnt,cation,numeric,-34.890882757809145,32.855301931216175,0.29495844098217266
g_cnt,ca_mgl,numeric,-4.639113436369289,4.691195726732546,0.3289683835070306
g_cnt,ca_mil,numeric,-92.78226872738573,93.82391453465094,0.32896838350703095
g_cnt,k,numeric,-0.3882022792665101,0.3928735089169214,0.32934898407517676
g_cnt,b,numeric,-1364.3428178472607,1421.869877283609,0.3433520116767489
g_cnt,pb,numeric,-72.7056032619508,75.84850056770061,0.3438381720908824
g_cnt,asp_rad,numeric,18.977715999058923,19.929398020314565,0.3469896421173949
g_cnt,asp_deg,numeric,0.3312236286919829,0.347833613394929,0.3469896421173956
g_cnt,salin,numeric,-333.52533011783663,353.67260904837326,0.35162078620058945
g_cnt,ba,numeric,17.922484634856197,19.23824908179647,0.35742113851480584
g_cnt,rel_infil,factor,87.27777777777787,95.61718731123622,0.36742913076845884
g_cnt,asp_cir_rad,numeric,17.791549354322253,19.727054818385113,0.3727987679120548
g_cnt,asp_cir_deg,numeric,0.3105211152639943,0.34430205830223237,0.37279876791205546
g_cnt,slp_deg,integer,-4.808620184674201,5.358900945164045,0.3752011448080338
g_cnt,as,numeric,-414.0941782151294,498.94119032348726,0.4117531832490776
g_cnt,slp_deg_cir,integer,-4.199957874043388,5.123441848775702,0.4174690464253197
g_cnt,anion,numeric,-32.580101790716085,41.2952771959147,0.4350334467457925
g_cnt,mg_mgl,numeric,-4.144859403408529,5.514815518131274,0.45692985431352184
g_cnt,mg_mil,numeric,-50.15279878124311,66.72926776938843,0.45692985431352284
g_cnt,slp_shp,numeric,49.23433874709976,65.95600511372811,0.45997568829069946
g_cnt,su_mgl,numeric,-6.501017797385766,9.21670553394665,0.48489303697873387
g_cnt,su_mil,numeric,-104.01628475817226,147.4672885431464,0.48489303697873387
g_cnt,ca,numeric,-0.3981866159189459,0.5672477264736853,0.48698009687830934
g_cnt,ni,numeric,-8.807111906896475,12.76641524669858,0.49447045336508044
g_cnt,li,numeric,-491.95140255325657,714.6944662134049,0.4954209041582295
g_cnt,n,numeric,-3.2463510065482164,4.870249684727891,0.5090754397747334
g_cnt,n_mgl,numeric,-3.2463510065482164,4.870249684727891,0.5090754397747334
g_cnt,n_mil,numeric,-45.44891409167498,68.18349558619047,0.5090754397747339
g_cnt,elev,numeric,-0.09300668822518096,0.15011230055062422,0.5392313516103056
g_cnt,asp_cir_n,numeric,-29.328500863340132,47.968327911064115,0.5445662652610198
g_cnt,asp_n,numeric,-28.839995729310495,47.37888065065542,0.5463385664539249
g_cnt,na_mil,numeric,-57.81286322718353,95.30081977317238,0.5477002636002224
g_cnt,na_mgl,numeric,-2.513602749007976,4.1435139031814074,0.5477002636002228
g_cnt,cd,numeric,-17.349020782588187,28.643800516483363,0.5483270810332641
g_cnt,asp_cir_e,numeric,27.708330386154696,49.58355310813098,0.5795623963371859
g_cnt,asp_e,numeric,28.031607945809473,50.43054729935613,0.581574517470948
g_cnt,b_b,numeric,-275.9515136205103,511.6442079179308,0.5927968540045416
g_cnt,su,numeric,-4.924863884826823,9.135916047630316,0.5929856545147203
g_cnt,k_mgl,numeric,-1.952033206562302,3.6534215364737417,0.5962444583766595
g_cnt,k_mil,numeric,-76.32449837658598,142.84878207612334,0.5962444583766597
g_cnt,mo,numeric,-1005.591765872106,1903.70438803636,0.6004119546227966
g_cnt,al,numeric,5.1905352064359205,10.018317222500366,0.6073890387334795
g_cnt,p,numeric,-2.1223917323974755,4.628238289991493,0.6491518701069874
g_cnt,ph,numeric,-38.18404314685969,88.52873977338466,0.6686742884925192
g_cnt,nativity,numeric,82.24775882110431,224.74966449372823,0.716429825710567
g_cnt,cl,numeric,-0.7344244689477261,2.3617835138688967,0.7575291010214001
g_cnt,cl_mgl,numeric,-0.7344244689477261,2.3617835138688967,0.7575291010214001
g_cnt,cl_mil,numeric,-26.072068647644187,83.84331474234583,0.7575291010214009
g_cnt,co,numeric,130.27605994723024,470.8324683952439,0.7835153314139642
g_cnt,mn,numeric,0.9968132970651478,5.610052040630626,0.8599153938190779
g_cnt,nativ,numeric,-0.3664761886476387,2.1359409784350665,0.8646813302904212
g_cnt,cr,numeric,-135.48388338708742,839.2694568088232,0.872609413362384
g_cnt,slp_pos,numeric,8.675136116152517,58.742665721522464,0.883375883790851
g_cnt,fe,numeric,0.09004418650910995,0.6445948412396453,0.8896418050458846
g_cnt,sar,numeric,-8.183352136685112,77.83481807396953,0.9168197835779011
g_cnt,asp,factor,8.333333333333115,137.24166269772,0.9519597409364257
g_cnt,organic,factor,6.80952380952393,141.48556883285536,0.9618796551300434
g_cnt,asp_cir,factor,-5.799999999999896,144.39609870184324,0.9682093209534555
g_cnt,soil_txtr,factor,-8.367822866486575e-13,199.53029158878107,0.9999999999999967
g_cov,plant,numeric,-0.0697199887279676,0.030530478077917773,0.028072633364860596
g_cov,nonnativ,numeric,-0.05256314515573772,0.024690976560432783,0.03980877734302216
g_cov,dstrb,integer,0.13633658570341156,0.08150533756455398,0.10259488245757876
g_cov,asp_rad,numeric,0.5345457160386022,0.32037310956950243,0.10343509377828188
g_cov,asp_deg,numeric,0.009329582747304268,0.005591565596840371,0.10343509377828196
g_cov,asp_cir_rad,numeric,0.5213406410134824,0.3170509264110188,0.10835439846440131
g_cov,asp_cir_deg,numeric,0.00909911071014306,0.005533582562370529,0.1083543984644014
g_cov,ca,numeric,-0.013789193700537931,0.00912631933732227,0.13907918944062067
g_cov,wt_g,numeric,-0.04886184301892511,0.03519127064520823,0.17308145443663078
g_cov,wt_lbs,numeric,-5.088004090677326e-4,3.6644816882900157e-4,0.17308145443663087
g_cov,rel_infil,factor,2.122222222222224,1.5472432677875991,0.17867199225891983
g_cov,hlf_sat,numeric,-12.672142996402512,9.621047696667652,0.19568357534431263
g_cov,salin,numeric,-7.575888074846457,5.759016799106523,0.19622989997563967
g_cov,mg,numeric,-0.0043191882026064644,0.003356882316483062,0.20599406902677792
g_cov,cation,numeric,-0.6801669567338852,0.5375109049336214,0.21343184122838532
g_cov,ca_mgl,numeric,-0.09633954883503587,0.07662023125028582,0.2162947030322387
g_cov,ca_mil,numeric,-1.9267909767007168,1.5324046250057166,0.21629470303223902
g_cov,sr,numeric,-0.8506145483371728,0.7217502029782022,0.2459071358378271
g_cov,li,numeric,-13.615162303530527,11.628099055521535,0.24893547857070375
g_cov,anion,numeric,-0.7747524129234937,0.6735828342533017,0.2572502153014677
g_cov,bare,integer,0.06052781253554767,0.053241589824469804,0.2627185047631636
g_cov,al,numeric,0.18454437218909697,0.162738499170837,0.26390077632492415
g_cov,moist,numeric,-16.00793572778263,15.320275375602318,0.3026773992329121
g_cov,cl,numeric,-0.03989843848169348,0.038379221042848063,0.3051027468364677
g_cov,cl_mgl,numeric,-0.03989843848169348,0.038379221042848063,0.3051027468364677
g_cov,cl_mil,numeric,-1.4163945661001174,1.3624623470211061,0.30510274683646804
g_cov,su_mgl,numeric,-0.154641670659071,0.15060924459836,0.31101872436202593
g_cov,su_mil,numeric,-2.474266730545136,2.40974791357376,0.31101872436202593
g_cov,na,numeric,-0.013673729943018883,0.013708858015998499,0.32486158192675496
g_cov,nativity,numeric,3.631925291814882,3.6584464457618293,0.32711121102509577
g_cov,b_b,numeric,8.220549713807593,8.347282520074163,0.33094297340254086
g_cov,cu,numeric,-0.2669549919644526,0.275733021888284,0.3390841032867383
g_cov,mo,numeric,-30.018623331065946,31.06786904148917,0.34003988236154814
g_cov,na_mil,numeric,-1.4718587971908224,1.5579073541774355,0.3507468401015247
g_cov,na_mgl,numeric,-0.06399386074742704,0.06773510235554066,0.3507468401015248
g_cov,zn,numeric,-0.2846403125488919,0.30287927257102504,0.3532654672400054
g_cov,gyps,numeric,-0.011974189107613354,0.012946509320142775,0.36085596040903456
g_cov,slp_shp_cir,numeric,0.8938428874734611,1.035914795122719,0.3936311355222728
g_cov,p_mgl,numeric,-0.9353882233566383,1.1118829568835142,0.4054624930586853
g_cov,p_mil,numeric,-28.997034924055797,34.46837166338894,0.4054624930586853
g_cov,mg_mgl,numeric,-0.07059851485500203,0.09071842413899646,0.44126067421557524
g_cov,mg_mil,numeric,-0.8542420297455243,1.0976929320818574,0.44126067421557547
g_cov,ph,numeric,-1.0996189709732402,1.4496908190684996,0.45281911984479317
g_cov,as,numeric,-6.138964717256353,8.225919271016982,0.4600814064795906
g_cov,pb,numeric,-0.9199215370504396,1.2545206066342307,0.4678843439559287
g_cov,asp_cir_n,numeric,0.5699052571323616,0.7879619100896552,0.4739458338561954
g_cov,asp_n,numeric,0.5555882588658707,0.7783836088701188,0.47972963026304705
g_cov,slp_deg_cir,integer,-0.059439724777083494,0.08451893619723952,0.4861736306693436
g_cov,fe,numeric,0.0072777832495965564,0.010545995451066159,0.494325248170535
g_cov,ba,numeric,-0.20648161078171642,0.3184741058758744,0.5206596173525394
g_cov,cr,numeric,8.896608385590433,13.742388516701116,0.521275240882676
g_cov,asp_e,numeric,-0.5335629097287303,0.8288783465714615,0.5236254203493154
g_cov,ni,numeric,-0.13535144401102123,0.2102862179480335,0.523666075615705
g_cov,asp_cir_e,numeric,-0.5149141006352201,0.8151553438523734,0.531380540648799
g_cov,elev,numeric,0.0014895877217637459,0.00247130555390982,0.5502532981385586
g_cov,k,numeric,-0.003910419254078032,0.006517907672227951,0.5521005991962751
g_cov,n,numeric,-0.042741750827873876,0.080326216782733,0.5977528207390688
g_cov,n_mgl,numeric,-0.042741750827873876,0.080326216782733,0.5977528207390688
g_cov,n_mil,numeric,-0.5983845115902341,1.124567034958262,0.597752820739069
g_cov,dstrb_cir,integer,0.02619774533872077,0.059715201140237435,0.6633549162756436
g_cov,k_mgl,numeric,-0.025766964801066005,0.060210855209355194,0.6711065120475893
g_cov,k_mil,numeric,-1.007488323721681,2.3542444386857886,0.6711065120475893
g_cov,nativ,numeric,0.01392705515862635,0.03509563938575635,0.6937117065753893
g_cov,su,numeric,0.057867842976802836,0.15064632901238262,0.7030229386206606
g_cov,cd,numeric,-0.17588373295642262,0.47284791819374894,0.711983861217566
g_cov,slp_deg,integer,-0.03118496708852957,0.08898603212683462,0.7279378487118645
g_cov,hrb_ht,numeric,-0.013514242971051386,0.044521910392233945,0.7631330891581214
g_cov,b,numeric,-6.681927580867607,23.659029594865594,0.7791494583317887
g_cov,sar,numeric,-0.3256429743501718,1.2801515535466448,0.8005747388341105
g_cov,p,numeric,0.017724152127319027,0.07633082648953698,0.8176273376010867
g_cov,co,numeric,-1.7456966446980835,7.751890344587037,0.823033306552449
g_cov,mn,numeric,-0.013671838770173443,0.09234550901016382,0.8830853987977543
g_cov,slp_pos,numeric,-0.08529945553538971,0.9670024063626018,0.9301728677312042
g_cov,slp_shp,numeric,-0.09512761020881684,1.0933669104550838,0.9311249638075886
g_cov,asp,factor,0.1333333333333329,2.1008637443257063,0.9497902602618655
g_cov,organic,factor,0.05238095238095209,2.5099190476185442,0.983464939393736
g_cov,asp_cir,factor,-0.03000000000000032,2.2866817183967663,0.9896139508166786
g_cov,soil_txtr,factor,-4.6550215140758615e-15,3.335626315711879,0.9999999999999989
g_flwr,dstrb_cir,integer,1.619718897566606,0.45338020506591903,9.806258539686828e-4
g_flwr,pb,numeric,-33.01525775644782,9.674884531498936,0.001541773622646733
g_flwr,wt_g,numeric,-0.8754908025805801,0.28200630691311296,0.003591652395304674
g_flwr,wt_lbs,numeric,-0.00911652223833443,0.0029365434345466263,0.003591652395304674
g_flwr,li,numeric,-277.87898237549285,93.28091193819998,0.005017764897489919
g_flwr,na,numeric,-0.32590796961954516,0.10945624172548947,0.005036716629013443
g_flwr,cu,numeric,-6.382590739980945,2.212857998409321,0.006427865543041449
g_flwr,dstrb,integer,1.9271330703757519,0.6698660221314574,0.006552956093301076
g_flwr,moist,numeric,-338.6855868825635,124.42219626434371,0.009738540498687089
g_flwr,hlf_sat,numeric,-209.5285041030304,79.12315156411572,0.011720811697029543
g_flwr,plant,numeric,-0.6847080893288,0.2624474596418255,0.012916763730225472
g_flwr,hrb_ht,numeric,-0.9260861518530515,0.36009604759272557,0.01415315358656667
g_flwr,al,numeric,3.434522873167654,1.3369209879891784,0.01425043378162847
g_flwr,ca_mgl,numeric,-1.618063195880219,0.6321452624746979,0.014579947551291515
g_flwr,ca_mil,numeric,-32.36126391760438,12.64290524949396,0.014579947551291515
g_flwr,ph,numeric,-30.066767015901913,11.81807056609097,0.015142259917216657
g_flwr,cation,numeric,-11.169116739355813,4.448137328634557,0.01641259985948185
g_flwr,nonnativ,numeric,-0.5189025003839814,0.21258874343870068,0.0194224372610845
g_flwr,mg,numeric,-0.0673416341396546,0.027957920689306807,0.020966401877638333
g_flwr,mo,numeric,-574.9965980289647,258.9749245643875,0.032439137750596
g_flwr,salin,numeric,-104.09949022162179,48.69953393933729,0.03904485009414553
g_flwr,gyps,numeric,-0.23136484707933436,0.10826981767350649,0.039101917590171405
g_flwr,na_mil,numeric,-26.695792429235343,13.09842843672817,0.048545269972218946
g_flwr,na_mgl,numeric,-1.1606866273580576,0.5694968885533986,0.04854526997221904
g_flwr,fe,numeric,0.17808946036255974,0.08827999308141558,0.05076552833428108
g_flwr,su,numeric,2.500157505277374,1.2573894053321621,0.054008525222849144
g_flwr,ca,numeric,-0.15341682858369984,0.0783925518023714,0.05771978363037518
g_flwr,bare,integer,0.8790240018200433,0.4519255088693981,0.05919435663850314
g_flwr,zn,numeric,-4.937505429577157,2.559361530260901,0.06119948301103306
g_flwr,sr,numeric,-11.417012872902488,6.159562944216253,0.07158035975916785
g_flwr,anion,numeric,-10.494475833995649,5.751014228501351,0.07589972321877739
g_flwr,ni,numeric,-3.1995417414132787,1.776391809330761,0.07961958449841322
g_flwr,rel_infil,factor,-21.944444444444468,12.527023390488752,0.08832959068561241
g_flwr,mn,numeric,1.3569500397660592,0.7780023395841141,0.08921877219874332
g_flwr,asp_cir_rad,numeric,4.680578880587839,2.7700406051731976,0.09927203786745965
g_flwr,asp_cir_deg,numeric,0.08169151236556828,0.0483463289742086,0.09927203786745986
g_flwr,as,numeric,-115.70961615538563,70.05711024412928,0.10684779933572112
g_flwr,mg_mgl,numeric,-1.2653142703045115,0.7736034612392279,0.11017870848191681
g_flwr,mg_mil,numeric,-15.310302670684589,9.36060188099466,0.11017870848191688
g_flwr,asp_cir,factor,-27.5,17.16442769581903,0.1189491585811391
g_flwr,su_mgl,numeric,-2.056250949830395,1.2941652266056571,0.1203781461941416
g_flwr,su_mil,numeric,-32.90001519728632,20.706643625690514,0.1203781461941416
g_flwr,p_mil,numeric,-450.4029879561507,295.60630170957165,0.13587391195098855
g_flwr,p_mgl,numeric,-14.529128643746793,9.535687151921667,0.13587391195098883
g_flwr,slp_deg_cir,integer,-1.084532752931264,0.7235194943231997,0.14214436969198532
g_flwr,slp_pos,numeric,12.17967332123412,8.231339703047329,0.14720443629501526
g_flwr,cl,numeric,-0.4799066172406282,0.33166695752424585,0.15610948564931554
g_flwr,cl_mgl,numeric,-0.4799066172406282,0.33166695752424585,0.15610948564931554
g_flwr,cl_mil,numeric,-17.036684912042297,11.774176992110725,0.15610948564931554
g_flwr,slp_shp_cir,numeric,12.312101910828025,8.935375689320692,0.1762931675567055
g_flwr,ba,numeric,-3.480305950770089,2.7455690587308594,0.21265066448125317
g_flwr,asp_n,numeric,8.112664184910384,6.731358211893018,0.23557617647853493
g_flwr,asp_cir_n,numeric,7.646458060071727,6.8327515782888835,0.2701263676471394
g_flwr,cd,numeric,-4.303703852769566,4.087221788715313,0.299006505986106
g_flwr,p,numeric,0.6663902879875813,0.6598091984093647,0.31889571610839457
g_flwr,n,numeric,-0.6864641452607845,0.6968777205593283,0.33082693472892954
g_flwr,n_mgl,numeric,-0.6864641452607845,0.6968777205593283,0.33082693472892954
g_flwr,n_mil,numeric,-9.610498033650979,9.756288087830596,0.33082693472892977
g_flwr,slp_shp,numeric,-8.86078886310905,9.462769200192977,0.35498855523602435
g_flwr,asp_rad,numeric,2.587443019970772,2.8746870539198492,0.37374756674633447
g_flwr,asp_deg,numeric,0.045159399906235326,0.05017275405535714,0.373747566746335
g_flwr,elev,numeric,0.019237195936958135,0.02150958175932985,0.37676203552654475
g_flwr,asp,factor,-15.500000000000023,18.138823751371906,0.3991689406857405
g_flwr,sar,numeric,-9.47112852537829,11.109107377715937,0.3992476636065523
g_flwr,nativity,numeric,25.490383812148174,32.17074424439112,0.43307747651408257
g_flwr,slp_deg,integer,-0.5962756855914046,0.7741429152129292,0.44592000077024374
g_flwr,k,numeric,-0.04363297397820467,0.05688286168265137,0.4477814330018349
g_flwr,organic,factor,15.285714285714276,21.00077743944791,0.4714045849391497
g_flwr,co,numeric,40.06218398239085,67.58670538337037,0.5568581633668876
g_flwr,nativ,numeric,0.14164892685116076,0.3069731915327301,0.6471153921835702
g_flwr,b_b,numeric,33.80373242275801,73.78776758616829,0.6494745837411566
g_flwr,asp_e,numeric,2.1334133539734275,7.2865031031732785,0.7712757594448612
g_flwr,b,numeric,-46.84912159195321,207.16807649954072,0.8223040295127019
g_flwr,k_mgl,numeric,-0.08703356572387272,0.5281122859963173,0.8699739791386866
g_flwr,k_mil,numeric,-3.4030124198034235,20.64919038245601,0.8699739791386866
g_flwr,cr,numeric,15.416418723291914,120.92436365489537,0.8992263549666251
g_flwr,asp_cir_e,numeric,0.3369142768545668,7.172302957541694,0.9627796814641187
g_flwr,soil_txtr,factor,-4.395537841141839e-14,27.272731949120463,0.9999999999999987
g_fruit,wt_g,numeric,-0.8240685797972405,0.23893106740169742,0.0013916008656506425
g_fruit,wt_lbs,numeric,-0.008581060488002954,0.0024879991691244227,0.0013916008656506497
g_fruit,hrb_ht,numeric,-0.7606147534662779,0.315019126833668,0.02067907065758701
g_fruit,cu,numeric,-4.07712964102886,2.0125166832972554,0.049839718839830086
g_fruit,moist,numeric,-207.5685071605513,113.02737270859778,0.07412424689500861
g_fruit,slp_deg,integer,-1.1746388987374952,0.6490846191217056,0.0782595655812164
g_fruit,hlf_sat,numeric,-124.32377437707206,71.89486653616297,0.09188264859607315
g_fruit,organic,factor,30.28571428571428,18.12539675589417,0.10341423179228218
g_fruit,slp_deg_cir,integer,-0.976760513936671,0.625897711979333,0.12691461219134811
g_fruit,sar,numeric,14.65692533367721,9.429206871032537,0.1283749035284748
g_fruit,ca_mgl,numeric,-0.8687541152698157,0.5765310736326302,0.14011435375825532
g_fruit,ca_mil,numeric,-17.375082305396315,11.530621472652605,0.14011435375825532
g_fruit,ni,numeric,-2.3060474286307064,1.5604938596828317,0.147711130495326
g_fruit,asp_cir_e,numeric,8.56331767375121,6.0621358606582385,0.16591426916363305
g_fruit,asp_e,numeric,8.514538912906874,6.172575333119551,0.1758313929017864
g_fruit,nonnativ,numeric,-0.2597306301010005,0.19373088869627167,0.18798536932784776
g_fruit,cr,numeric,-134.14380763126783,102.59311413084171,0.19888801577554757
g_fruit,zn,numeric,-2.783080016525747,2.2811050500835313,0.2299608703046753
g_fruit,gyps,numeric,-0.11849257441331246,0.09748422680320942,0.23167142625556988
g_fruit,slp_shp_cir,numeric,8.832271762208075,7.808674807541175,0.26510762708382407
g_fruit,plant,numeric,-0.2721743297974534,0.2431327478329262,0.2699754867958597
g_fruit,dstrb,integer,-0.6991903674486193,0.6308644110562289,0.27469569786152176
g_fruit,n,numeric,-0.6564883335141493,0.6025886696032444,0.2828177551835807
g_fruit,n_mgl,numeric,-0.6564883335141493,0.6025886696032444,0.2828177551835807
g_fruit,n_mil,numeric,-9.19083666919809,8.436241374445421,0.2828177551835807
g_fruit,pb,numeric,-10.035011277925094,9.449493999321952,0.29495535470811146
g_fruit,al,numeric,1.2903210219156063,1.238311531161059,0.30399578093378327
g_fruit,mg,numeric,-0.024926828582886,0.025711101282581268,0.33842805290035927
g_fruit,slp_pos,numeric,6.896551724137926,7.254344792003631,0.34777522370978187
g_fruit,mg_mgl,numeric,-0.6476936845293112,0.6859999753275849,0.351052702048799
g_fruit,mg_mil,numeric,-7.837093582804668,8.30059970146378,0.351052702048799
g_fruit,cation,numeric,-3.745073159496372,4.120115496631287,0.36909372347587066
g_fruit,elev,numeric,-0.016434734206065362,0.018656636717314636,0.3839067497119758
g_fruit,asp_cir_rad,numeric,-2.1004596175551065,2.467073957274852,0.39988245296692926
g_fruit,asp_cir_deg,numeric,-0.0366599361315175,0.043058563444652094,0.3998824529669295
g_fruit,dstrb_cir,integer,0.37359779123867237,0.45031276046024404,0.4119236140319882
g_fruit,cd,numeric,-2.9047518313695226,3.564335982071584,0.4201799745435416
g_fruit,ca,numeric,0.05755338313767701,0.07070347286115962,0.42071065546041564
g_fruit,b,numeric,-142.98755379415152,178.25280467129002,0.42744778283317
g_fruit,mn,numeric,-0.548933870398168,0.6954077776886691,0.43479380791508726
g_fruit,bare,integer,0.315777499715618,0.40770190197533734,0.4434099938734497
g_fruit,na,numeric,-0.07997794708378303,0.10459916735565906,0.4492240854331977
g_fruit,as,numeric,-45.85430077132843,62.447483802203074,0.46728159057702
g_fruit,anion,numeric,-3.6950284843682843,5.165930603948291,0.47881497199721346
g_fruit,salin,numeric,-31.135777613892692,44.40764485061622,0.48749010373349067
g_fruit,fe,numeric,-0.055265491024029736,0.08004147837195967,0.49410056371278144
g_fruit,asp_deg,numeric,-0.030121894045944692,0.04369356722764336,0.49476651091106305
g_fruit,asp_rad,numeric,-1.7258573997728734,2.5034569940150933,0.4947665109110633
g_fruit,b_b,numeric,-43.20355774020143,63.77364575864726,0.5022234463769943
g_fruit,slp_shp,numeric,5.568445475638055,8.249955986140836,0.5037833404027112
g_fruit,su,numeric,-0.747299770247601,1.1391609648399736,0.515771091051016
g_fruit,ph,numeric,-7.0956513675481325,11.025926149498364,0.5237372860885762
g_fruit,nativity,numeric,17.2467268690607,27.985142611607177,0.5413832264227201
g_fruit,nativ,numeric,0.15321440657017174,0.2657605367042897,0.5676679758515462
g_fruit,rel_infil,factor,-6.333333333333354,12.111258134448319,0.6042272151244396
g_fruit,na_mil,numeric,6.218836406206582,11.919653748858137,0.6048865259989223
g_fruit,na_mgl,numeric,0.2703841915741989,0.5182458151677449,0.6048865259989227
g_fruit,k,numeric,-0.023894654003663324,0.049551976457835906,0.6324200130034991
g_fruit,k_mgl,numeric,-0.20453869590560775,0.4568849786595274,0.656925301039609
g_fruit,k_mil,numeric,-7.9974630099092625,17.864202665587523,0.656925301039609
g_fruit,su_mgl,numeric,-0.5069020673133091,1.1559212965828887,0.6634878363154362
g_fruit,su_mil,numeric,-8.110433077012946,18.49474074532622,0.6634878363154362
g_fruit,sr,numeric,2.381000034239509,5.563764385543115,0.6711049453116882
g_fruit,asp_cir,factor,6.249999999999973,18.878078184431256,0.7427485041742048
g_fruit,co,numeric,-17.243770078513766,58.808052847705035,0.7709484564155217
g_fruit,asp,factor,4.2500000000000036,18.201690602760277,0.8168644845427435
g_fruit,asp_n,numeric,-1.108689431935745,5.944527107807475,0.8530401859533195
g_fruit,li,numeric,-16.617474769282637,89.79242453760043,0.8541619395921732
g_fruit,asp_cir_n,numeric,-1.0077607283606582,6.019277007645437,0.8679256587785101
g_fruit,p_mgl,numeric,1.2847442865141736,8.514641893565184,0.8808634124047503
g_fruit,p_mil,numeric,39.82707288193938,263.9538987005207,0.8808634124047503
g_fruit,cl,numeric,0.03602257501838593,0.29534598383648714,0.9035675880726928
g_fruit,cl_mgl,numeric,0.03602257501838593,0.29534598383648714,0.9035675880726928
g_fruit,cl_mil,numeric,1.2788014131527001,10.484782426195292,0.9035675880726928
g_fruit,ba,numeric,-0.24180108332429406,2.430170684647787,0.92126465152748
g_fruit,p,numeric,0.024504887529546104,0.579732945881869,0.9665053678913733
g_fruit,mo,numeric,-2.059158358109368,238.67769475395343,0.9931615831027516
g_fruit,soil_txtr,factor,9.473125657027318e-16,24.414381191803255,1
g_head,al,numeric,2.109748366254946,0.3028284149280781,2.7272404480274137e-8
g_head,asp_n,numeric,5.471445760920901,1.9736833657353432,0.008576301439560298
g_head,mg,numeric,-0.023940273503736762,0.00863783265927991,0.008590292893270852
g_head,organic,factor,17.504761904761907,6.3222427547796,0.008836618261722126
g_head,asp_cir_n,numeric,5.508451892847302,2.0006000293372166,0.008996168236834724
g_head,na,numeric,-0.09514083821841919,0.0351106290061354,0.010045755306915686
g_head,na_mil,numeric,-10.755178634765585,3.987853610687891,0.010373318332411282
g_head,na_mgl,numeric,-0.46761646238111226,0.17338493959512566,0.010373318332411294
g_head,li,numeric,-80.0342215514343,29.999325107019253,0.011158088777837326
g_head,as,numeric,-54.65377641686865,21.096676282684243,0.013512680819354776
g_head,slp_shp,numeric,-6.6544007037046455,2.8204023544889045,0.023546623551685398
g_head,slp_pos,numeric,5.803725161710638,2.499472202563109,0.02569157007740663
g_head,p,numeric,0.45739633837729204,0.19747794691179746,0.026038962173544206
g_head,cu,numeric,-1.5554390995553344,0.7283782343514437,0.03922744635666613
g_head,rel_infil,factor,-8.27530525030526,3.8751305669320395,0.03959526293076639
g_head,salin,numeric,-32.301063962298215,15.395929786534564,0.04260607466091274
g_head,ba,numeric,-1.747919349182256,0.837716191081496,0.04369322111080327
g_head,cation,numeric,-2.9492445784131505,1.4379310894144972,0.047204821265081694
g_head,pb,numeric,-6.541310750190888,3.323846710160105,0.05639739959987565
g_head,ca,numeric,-0.04857799434657164,0.024725407948126894,0.05679210800032104
g_head,gyps,numeric,-0.06678780675112485,0.03449396834633415,0.06030505746817614
g_head,cl,numeric,-0.19226789357052068,0.10286665810180376,0.06933096098963787
g_head,cl_mgl,numeric,-0.19226789357052068,0.10286665810180376,0.06933096098963787
g_head,cl_mil,numeric,-6.825510221753481,3.651766362614033,0.06933096098963794
g_head,wt_g,numeric,-0.1769944598728672,0.09539782127871088,0.07131875411895217
g_head,wt_lbs,numeric,-0.0018430506919511248,9.93381491401761e-4,0.07131875411895237
g_head,moist,numeric,-75.19616138464492,41.14436965179209,0.07546739510083733
g_head,ca_mgl,numeric,-0.37444034331215403,0.20724622219270858,0.07872620426997168
g_head,ca_mil,numeric,-7.488806866243081,4.144924443854173,0.07872620426997176
g_head,sar,numeric,-6.090142049484771,3.397774672458071,0.08103471664141824
g_head,anion,numeric,-3.2564294877077655,1.8171572862929886,0.08109097223597367
g_head,p_mgl,numeric,5.108842058877226,2.9863622535600194,0.09528545932011419
g_head,p_mil,numeric,158.374103825194,92.5772298603606,0.09528545932011419
g_head,su,numeric,0.6461523215874828,0.40346353840348564,0.11754489173250007
g_head,ph,numeric,-6.198652243861563,3.906566624634228,0.12086205797287677
g_head,ni,numeric,-0.8939330809977252,0.5656254772256228,0.12229678693179268
g_head,hrb_ht,numeric,-0.18792167350326788,0.11927404069391005,0.12342048109660535
g_head,slp_deg_cir,integer,-0.35831571012712626,0.22763168582117008,0.12375373508930387
g_head,co,numeric,-32.33008008585199,20.771319343681093,0.12788502763043735
g_head,plant,numeric,-0.1332565533305416,0.0872807147422475,0.13510254699924829
g_head,slp_deg,integer,-0.36268960777215636,0.2390207664675988,0.13744244658081337
g_head,su_mgl,numeric,-0.5892190668186162,0.41070230590269335,0.1595627504553384
g_head,su_mil,numeric,-9.42750506909786,6.571236894443094,0.1595627504553384
g_head,hlf_sat,numeric,-36.47675682024945,26.518700583594594,0.1770278883619529
g_head,asp,factor,8.333333333333337,6.093141191242606,0.18094840038170865
g_head,elev,numeric,0.008505529230560109,0.006717483488138505,0.21315668471927046
g_head,asp_cir,factor,7.849999999999992,6.331239715097719,0.22403405899503975
g_head,sr,numeric,-2.448584599079422,1.9901570553088244,0.226129273566249
g_head,b_b,numeric,27.327798720395716,22.920825319008856,0.2405480518667513
g_head,nonnativ,numeric,-0.08270940524026946,0.07088388165721575,0.2505496560561654
g_head,mg_mgl,numeric,-0.2875126181679511,0.24818744597561415,0.25390946636944806
g_head,mg_mil,numeric,-3.47890267983221,3.0030680963049323,0.25390946636944806
g_head,mn,numeric,0.23361438514393618,0.25227990825177604,0.36028341428154453
g_head,asp_deg,numeric,-0.014408147134940394,0.015826626489524428,0.3683641255273905
g_head,asp_rad,numeric,-0.8255260214355932,0.9067989017796995,0.3683641255273906
g_head,zn,numeric,-0.7113165898651922,0.8382423667464614,0.4014284958941178
g_head,fe,numeric,0.023634402860809266,0.02905567599891343,0.4210462375627374
g_head,n_mil,numeric,-2.4357015086200193,3.092200617420853,0.43576292976677955
g_head,n,numeric,-0.17397867918714424,0.2208714726729181,0.43576292976677977
g_head,n_mgl,numeric,-0.17397867918714424,0.2208714726729181,0.43576292976677977
g_head,dstrb,integer,0.1757143313402396,0.23149063273066162,0.45250208868313124
g_head,cd,numeric,-0.965256867819427,1.2988672462334878,0.4619591778355172
g_head,mo,numeric,-48.69128266961367,86.48994643537102,0.5767618160032207
g_head,asp_cir_deg,numeric,-0.008452864458793062,0.01575728831373603,0.594780200394041
g_head,asp_cir_rad,numeric,-0.4843134582849769,0.9028261169478881,0.594780200394041
g_head,bare,integer,0.05846312808262531,0.1492194949586726,0.6973999395536418
g_head,dstrb_cir,integer,0.06325963204175325,0.1650179172009196,0.7035965680353067
g_head,k_mgl,numeric,0.062403100078862364,0.1663809993018548,0.7097000577199932
g_head,k_mil,numeric,2.4399612130835187,6.505497072702522,0.7097000577199932
g_head,nativity,numeric,2.63446279809053,10.225040709089924,0.7980686553231199
g_head,k,numeric,-0.004043837629862113,0.018074104776758342,0.8241608393620651
g_head,asp_e,numeric,0.45789735056721625,2.300418561075044,0.8432851953142682
g_head,b,numeric,12.313851848515142,65.37879761328682,0.8516074769062081
g_head,cr,numeric,5.680950321235637,38.15089028108397,0.8824141432777974
g_head,slp_shp_cir,numeric,-0.23824494684367245,2.8885892028795297,0.93469957318061
g_head,asp_cir_e,numeric,0.18394623731153809,2.262862458206012,0.9356386263822338
g_head,nativ,numeric,-0.005563359723476454,0.09712247020824312,0.9546207910036546
g_head,soil_txtr,factor,2.713250800053066e-15,8.950110002604497,0.9999999999999998
g_ht,al,numeric,1.556743653740099,0.2515166173645107,3.1302344570185334e-7
g_ht,pb,numeric,-9.21663045058624,2.2737598888351704,2.4087901471517745e-4
g_ht,na,numeric,-0.09343125315770293,0.025788804004341664,8.489990620948684e-4
g_ht,cu,numeric,-1.8705799103778478,0.519010671106849,8.960074503725777e-4
g_ht,li,numeric,-76.90635221947474,22.23364551520566,0.0013528753886472083
g_ht,wt_g,numeric,-0.22585152568424258,0.06852086236110148,0.002130889042389184
g_ht,wt_lbs,numeric,-0.002351801355757416,7.135105973284507e-4,0.0021308890423891963
g_ht,slp_pos,numeric,5.8316789985574005,1.8559356398640883,0.0032448416289466418
g_ht,moist,numeric,-92.48084369553266,29.92003314470555,0.003725001461187737
g_ht,cation,numeric,-3.2623855255504846,1.0568348304203248,0.0037651205360134713
g_ht,ca_mgl,numeric,-0.4625543415683865,0.15080114440961978,0.003968265229815639
g_ht,ca_mil,numeric,-9.251086831367727,3.016022888192396,0.003968265229815648
g_ht,mg,numeric,-0.019751419908988033,0.006655439605509205,0.005168557361665326
g_ht,salin,numeric,-33.00624693491835,11.49874031851054,0.006663790511872677
g_ht,na_mgl,numeric,-0.383163850625634,0.13387940983817262,0.006810564583864434
g_ht,na_mil,numeric,-8.812768564389584,3.0792264262779705,0.006810564583864434
g_ht,hrb_ht,numeric,-0.23912233694424978,0.08783178607326944,0.009727828093802918
g_ht,hlf_sat,numeric,-50.44435707044124,19.54778914285557,0.013851231954900784
g_ht,as,numeric,-41.973230026417255,16.49816422714517,0.015142991573062977
g_ht,dstrb_cir,integer,0.2978386989378635,0.11955821507947208,0.017216736737499436
g_ht,plant,numeric,-0.159635947424819,0.06517366124444036,0.019031574212563865
g_ht,gyps,numeric,-0.06411076412685311,0.026210992734776194,0.01918872853015148
g_ht,ph,numeric,-7.115962916384687,2.926760645665692,0.01986834679415798
g_ht,rel_infil,factor,-6.864102564102569,2.8364778562394966,0.02069863836564573
g_ht,anion,numeric,-3.314543738189224,1.3745111150806961,0.020829990402945513
g_ht,dstrb,integer,0.40825468559535383,0.16942726683462986,0.02091989200956708
g_ht,asp_n,numeric,3.767844186078352,1.5732795937664181,0.021660566740211638
g_ht,slp_deg_cir,integer,-0.4069967793445993,0.17092643436690366,0.022375217842630222
g_ht,nonnativ,numeric,-0.12353331828640467,0.05257686546186008,0.024092722822884095
g_ht,asp_cir_n,numeric,3.7237487377572003,1.5985864835685235,0.025252502507612865
g_ht,ni,numeric,-0.9847416848553827,0.4264827970543895,0.026477148333131067
g_ht,mo,numeric,-143.575177531814,63.60712823220689,0.029824330852020638
g_ht,organic,factor,11.195238095238087,5.017644929995335,0.03198865304080662
g_ht,ca,numeric,-0.04211078590450318,0.01905230117052939,0.03318172366870571
g_ht,cl,numeric,-0.16967517932336537,0.07918888749071926,0.03860739237817373
g_ht,cl_mgl,numeric,-0.16967517932336537,0.07918888749071926,0.03860739237817373
g_ht,cl_mil,numeric,-6.023468865979467,2.811205505920533,0.038607392378173844
g_ht,ba,numeric,-1.3911908670828037,0.6518131444209186,0.03932691414244601
g_ht,zn,numeric,-1.328911740622529,0.6237361654289091,0.03965692340552951
g_ht,su_mgl,numeric,-0.627020012100642,0.31275714814694056,0.05214544029804801
g_ht,su_mil,numeric,-10.032320193610271,5.004114370351049,0.05214544029804801
g_ht,slp_deg,integer,-0.3494617720612389,0.18342468928739777,0.06434131906188056
g_ht,mg_mil,numeric,-4.262703230164291,2.280669909545517,0.06933677598410605
g_ht,mg_mgl,numeric,-0.3522895231540735,0.188485116491365,0.06933677598410606
g_ht,p,numeric,0.27151800414760496,0.15852797824530168,0.09490912246037134
g_ht,su,numeric,0.515992105338218,0.31416161659277264,0.10874959793410455
g_ht,bare,integer,0.18242221794434288,0.11279908942904301,0.11410081627847155
g_ht,sr,numeric,-2.3984255916926975,1.5342422847277783,0.12628124147579425
g_ht,elev,numeric,0.007689652369599321,0.005201078720732498,0.1475232968058681
g_ht,fe,numeric,0.03002587132282815,0.022332979289524657,0.18676979976217442
g_ht,sar,numeric,-3.594279594637703,2.697496701983256,0.19064793425140694
g_ht,slp_shp,numeric,-3.0644029983937178,2.3022898294920506,0.1911123576183297
g_ht,b_b,numeric,21.85364624235506,17.859595886986707,0.22862299219151536
g_ht,n,numeric,-0.20259794138479142,0.17052783366931992,0.24218100306529483
g_ht,n_mgl,numeric,-0.20259794138479142,0.17052783366931992,0.24218100306529483
g_ht,n_mil,numeric,-2.8363711793870774,2.387389671370479,0.24218100306529536
g_ht,cd,numeric,-1.1847500824197554,1.0021032638115075,0.24444641119744145
g_ht,mn,numeric,0.1957145915067723,0.19642018339448983,0.3253549828272425
g_ht,nativity,numeric,6.683044741759168,7.90786045446596,0.40333698276540264
g_ht,asp_cir_deg,numeric,0.009804355497099407,0.012233147900686091,0.42784981694509094
g_ht,asp_cir_rad,numeric,0.5617481908296842,0.7009077448686359,0.42784981694509105
g_ht,k,numeric,-0.010587430691087175,0.01400095749142346,0.4541959371024148
g_ht,slp_shp_cir,numeric,1.562227121781262,2.2388154859839804,0.48955535717149756
g_ht,asp_cir,factor,-2.425000000000004,4.310513805455158,0.5776426323066342
g_ht,nativ,numeric,0.037654036090332355,0.07550580881245568,0.6208719472208202
g_ht,co,numeric,-8.155788138504077,16.656245977224607,0.6271940768765253
g_ht,asp_e,numeric,0.37018493146228015,1.794107243856655,0.8376317519982789
g_ht,asp_rad,numeric,0.11885996959016476,0.7146550107323244,0.8687885345728634
g_ht,asp_deg,numeric,0.002074497818168706,0.012473082953154475,0.8687885345728636
g_ht,asp,factor,-0.3916666666666648,4.33510768142025,0.9285741365531011
g_ht,b,numeric,3.585350733503201,51.01169030251615,0.9443355035551013
g_ht,p_mgl,numeric,0.10919106897829654,2.4171306926096188,0.9642053102400223
g_ht,p_mil,numeric,3.384923138327167,74.9310514708982,0.9642053102400227
g_ht,cr,numeric,-0.9134496249794384,29.763524523314082,0.9756772055925707
g_ht,k_mgl,numeric,-0.0032850549553998607,0.1300052345095984,0.9799729233368324
g_ht,k_mil,numeric,-0.1284456487561334,5.083204669325298,0.9799729233368326
g_ht,asp_cir_e,numeric,5.146989687642386e-4,1.7650390018983386,0.9997688562388216
g_ht,soil_txtr,factor,-5.358580898784965e-15,6.574384969104396,0.9999999999999993
g_perf,plant,numeric,-69.21222206866751,34.762200225549385,0.05370464768810957
g_perf,nonnativ,numeric,-52.80686167445426,28.02911354141488,0.06723293949512502
g_perf,asp_deg,numeric,9.73385775206978,6.304805480982065,0.13090557760993643
g_perf,asp_rad,numeric,557.7089675742972,361.2387447112213,0.13090557760993643
g_perf,asp_cir_deg,numeric,9.4856380309699,6.238856211011895,0.13668521282076657
g_perf,asp_cir_rad,numeric,543.4870251633597,357.4601298799617,0.13668521282076657
g_perf,ca,numeric,-15.209330482998864,10.250140257299694,0.14610538737714265
g_perf,rel_infil,factor,2568.525824175825,1739.186606457786,0.14840970559499223
g_perf,hlf_sat,numeric,-14231.93618590515,10794.42080067411,0.1952438912666219
g_perf,mg,numeric,-4.783903957687929,3.76854385598775,0.21200734177266128
g_perf,wt_g,numeric,-50.2642322585819,39.64423493852961,0.21255373330654473
g_perf,wt_lbs,numeric,-0.5234035467048697,0.41281707171971704,0.21255373330654503
g_perf,salin,numeric,-7968.106875965453,6479.483878065639,0.2263526308353914
g_perf,ca_mgl,numeric,-104.96830829979454,86.07039750334903,0.23014616827360962
g_perf,ca_mil,numeric,-2099.36616599589,1721.4079500669807,0.23014616827361
g_perf,cation,numeric,-721.8094543289391,604.4296642417024,0.23980143976052562
g_perf,li,numeric,-14797.5744427369,13061.336129498939,0.2643416611587983
g_perf,al,numeric,203.57505790751497,182.69705027286557,0.2721587744635791
g_perf,sr,numeric,-898.8697290288005,811.4800313166983,0.27495731373180066
g_perf,dstrb,integer,102.96339463940657,93.27296828300008,0.27658093089695895
g_perf,anion,numeric,-804.9512020940327,757.6382553283819,0.2947380133006629
g_perf,asp_cir_n,numeric,872.2549169265847,878.8462345887086,0.3272318263175019
g_perf,asp_n,numeric,850.3773057134315,868.297996910647,0.33359585598106944
g_perf,moist,numeric,-16683.255341828706,17223.328247849728,0.3388484777021158
g_perf,nativity,numeric,3940.4585499138666,4108.2639904453,0.34354442245410244
g_perf,su_mgl,numeric,-160.81360671030507,169.31499147056783,0.3482211179424932
g_perf,su_mil,numeric,-2573.017707364881,2709.0398635290853,0.3482211179424932
g_perf,na,numeric,-14.442912575510118,15.404344547240434,0.354377923844741
g_perf,slp_shp_cir,numeric,1082.7247369403435,1160.4187645072077,0.35668692578886574
g_perf,gyps,numeric,-12.954640871470678,14.53757237389202,0.37847554037561826
g_perf,cl,numeric,-38.40065517375549,43.223270301450505,0.37990128993421235
g_perf,cl_mgl,numeric,-38.40065517375549,43.223270301450505,0.37990128993421235
g_perf,cl_mil,numeric,-1363.2232586683192,1534.4260957014928,0.37990128993421257
g_perf,na_mgl,numeric,-66.24430013863685,76.13205280628722,0.3896963347326887
g_perf,na_mil,numeric,-1523.6189031886481,1751.0372145446063,0.3896963347326887
g_perf,cu,numeric,-266.5940923421083,310.1666358779657,0.39544437654848574
g_perf,mo,numeric,-29176.916974291344,34965.11487437406,0.40923839273681795
g_perf,b_b,numeric,7667.901407662457,9402.563975709438,0.4198618394555881
g_perf,zn,numeric,-268.2205942661867,340.99473136574534,0.4364042838077449
g_perf,p_mil,numeric,-30040.757104635224,38726.86343374201,0.44272224364498747
g_perf,p_mgl,numeric,-969.0566807946841,1249.2536591529679,0.4427222436449877
g_perf,ph,numeric,-1248.8972238931647,1626.2615405711992,0.44725949734387116
g_perf,mg_mgl,numeric,-77.59948108197938,101.81950980543022,0.45068850054059584
g_perf,mg_mil,numeric,-938.9537210919502,1232.016068645706,0.45068850054059617
g_perf,bare,integer,43.793458563390885,60.32803195728959,0.4723340631881635
g_perf,slp_deg_cir,integer,-63.66899039667065,94.88560955993437,0.5062739703196876
g_perf,asp_e,numeric,-602.7689081644509,929.9385780375986,0.5207652883423046
g_perf,fe,numeric,7.569788755928442,11.843117631321281,0.5265455129970669
g_perf,asp_cir_e,numeric,-581.4241842286913,914.5495917545206,0.5287503569099051
g_perf,cr,numeric,9575.823561919387,15425.852704421035,0.5384602524242592
g_perf,as,numeric,-5587.932253889171,9252.643293354917,0.5494800402956644
g_perf,ni,numeric,-134.9576291209427,236.21317473597028,0.5711343719077604
g_perf,n,numeric,-49.54550227250796,90.10406211107279,0.5856263184730952
g_perf,n_mgl,numeric,-49.54550227250796,90.10406211107279,0.5856263184730952
g_perf,n_mil,numeric,-693.6370318151111,1261.456869555019,0.5856263184730953
g_perf,pb,numeric,-731.2505368462824,1412.5340542493877,0.6076775461014843
g_perf,elev,numeric,1.3334543833330839,2.777638814290418,0.6339313052794493
g_perf,ba,numeric,-168.5679443354836,358.259443868414,0.6406737337807877
g_perf,k,numeric,-3.082742011263735,7.330662587264153,0.67646916699641
g_perf,slp_deg,integer,-41.94823455205523,99.7724882466886,0.6765330069422351
g_perf,su,numeric,68.49727487610332,168.98935808136466,0.6875044987330765
g_perf,nativ,numeric,14.961254250428333,39.38439527215755,0.7061511210986329
g_perf,cd,numeric,-190.7414348907248,530.602827306917,0.7212256147969514
g_perf,b,numeric,-8909.839079372945,26534.13679802111,0.7388779108335424
g_perf,k_mgl,numeric,-22.59232336994774,67.62043073619411,0.7401372681543357
g_perf,k_mil,numeric,-883.3598437649562,2643.95884178519,0.7401372681543359
g_perf,hrb_ht,numeric,-14.971648596549125,49.95547283483757,0.766039364315579
g_perf,mn,numeric,20.19819386833035,103.59050024498991,0.8464464894242194
g_perf,sar,numeric,-277.65981752085315,1436.8572771974923,0.8477993728572113
g_perf,p,numeric,16.03012883123577,85.66509925286613,0.8525577394833723
g_perf,slp_shp,numeric,-188.30289768236395,1226.5086058384318,0.8787946648339842
g_perf,co,numeric,-724.4329684976634,8702.693788690905,0.9340957824268685
g_perf,asp,factor,160.18333333333297,2362.3252275099026,0.9463608057095669
g_perf,slp_pos,numeric,-48.43743543208227,1085.0673590670447,0.9646279996916336
g_perf,organic,factor,48.96190476190397,2817.2305576358717,0.986229872549065
g_perf,dstrb_cir,integer,0.7948694805135548,67.17029156192238,0.99062024755045
g_perf,asp_cir,factor,-18.100000000000943,2571.5530543292075,0.9944277951291189
g_perf,soil_txtr,factor,-5.061875034205819e-12,3744.66827264175,0.9999999999999989
g_pres,wt_g,numeric,-0.0190765967654374,0.004115344098556584,4.116930578292662e-5
g_pres,wt_lbs,numeric,-1.9864539768005363e-4,4.2853249722673514e-5,4.1169305782926925e-5
g_pres,cu,numeric,-0.133932767495672,0.033395047693725734,2.7367797640414455e-4
g_pres,hrb_ht,numeric,-0.02108299017566589,0.005365419178697873,3.4797122837610924e-4
g_pres,pb,numeric,-0.5930075096432476,0.1525317026225076,3.933903740155377e-4
g_pres,dstrb_cir,integer,0.026865381004374387,0.007350460133936954,7.744768884435955e-4
g_pres,al,numeric,0.07270438753416186,0.02046362634811217,0.001037183717297919
g_pres,moist,numeric,-6.823343036638664,1.922076267398394,0.0010457006258175908
g_pres,hlf_sat,numeric,-4.003769913058152,1.2450865341494228,0.002657585698510946
g_pres,ca_mgl,numeric,-0.03172846630365615,0.009904446709499451,0.0027475404342634665
g_pres,ca_mil,numeric,-0.6345693260731228,0.19808893418998907,0.002747540434263485
g_pres,na,numeric,-0.0055049593535827415,0.0017697052909514976,0.0035326703456363437
g_pres,cation,numeric,-0.20019835990777954,0.07127398326398716,0.007809563623108076
g_pres,li,numeric,-4.282762715841108,1.5400132359262333,0.008386298755949163
g_pres,mg,numeric,-0.001163142233256335,4.516600979196187e-4,0.014032750416724268
g_pres,gyps,numeric,-0.004401374788456235,0.0017268907080067928,0.014973631256264278
g_pres,ni,numeric,-0.0699930137724493,0.027962143611170224,0.016726344227498573
g_pres,slp_deg_cir,integer,-0.027873341290458473,0.011269228099553164,0.01796814142527906
g_pres,slp_pos,numeric,0.31397459165154273,0.12830451922464214,0.01913588509690233
g_pres,zn,numeric,-0.09864218212298785,0.04069990594932847,0.020235276901974776
g_pres,rel_infil,factor,-0.47222222222222304,0.1951258241850682,0.020691222470250854
g_pres,salin,numeric,-1.8827348237308041,0.7831020984485966,0.021189696898663356
g_pres,ph,numeric,-0.4622522938742264,0.19453797969267414,0.022638134645770573
g_pres,plant,numeric,-0.010266188633759742,0.0043387013530472125,0.023173942889860463
g_pres,nonnativ,numeric,-0.008121878492248857,0.0034881044981433713,0.025308357902414477
g_pres,slp_deg,integer,-0.025327187803486927,0.012040722359058795,0.04210050595401161
g_pres,anion,numeric,-0.1914367348806584,0.09274562365690547,0.0458838821864433
g_pres,mo,numeric,-8.702001315807243,4.261036008230262,0.048113384555246295
g_pres,as,numeric,-2.272568106605398,1.1238213342163634,0.050238782474648094
g_pres,bare,integer,0.014844727562279602,0.007343096401693863,0.050302505033848546
g_pres,mg_mil,numeric,-0.29859872667750065,0.15031679739280993,0.05422851717542882
g_pres,mg_mgl,numeric,-0.024677580717148807,0.012422875817587595,0.054228517175428856
g_pres,dstrb,integer,0.021797799460244953,0.011524533482150993,0.06620798715783258
g_pres,slp_shp_cir,numeric,0.24840764331210208,0.14376766717116812,0.09213688315386205
g_pres,su_mgl,numeric,-0.03574303375751011,0.021008735602895536,0.09704907482591942
g_pres,su_mil,numeric,-0.5718885401201618,0.3361397696463286,0.09704907482591942
g_pres,na_mgl,numeric,-0.014960305806015085,0.009475577119243917,0.12266486422577294
g_pres,na_mil,numeric,-0.3440870335383468,0.21793827374261013,0.12266486422577323
g_pres,organic,factor,0.5238095238095232,0.33969737395289973,0.13182178511504308
g_pres,n_mil,numeric,-0.22310273031981873,0.15700048720946094,0.16346213735197793
g_pres,n,numeric,-0.01593590930855848,0.011214320514961497,0.163462137351978
g_pres,n_mgl,numeric,-0.01593590930855848,0.011214320514961497,0.163462137351978
g_pres,cd,numeric,-0.08997391295154598,0.06602316663172626,0.1809792024222546
g_pres,ba,numeric,-0.05994736510348831,0.04466340927259065,0.18749478891347532
g_pres,cl,numeric,-0.007159187561652703,0.005432874809004993,0.1954758979516125
g_pres,cl_mgl,numeric,-0.007159187561652703,0.005432874809004993,0.1954758979516125
g_pres,cl_mil,numeric,-0.2541511584386709,0.19286705571967727,0.1954758979516126
g_pres,ca,numeric,-0.001723943799303321,0.0013117745211620282,0.1966544969067068
g_pres,sr,numeric,-0.1344874116830759,0.10259481846879073,0.19777225539867546
g_pres,asp_e,numeric,0.1467580111896608,0.11655108832478155,0.21564786026381436
g_pres,fe,numeric,0.0016578514488457304,0.001490676933380734,0.2730617580004703
g_pres,asp_n,numeric,0.1218254656473055,0.1100893123966233,0.275420809533642
g_pres,asp_cir_e,numeric,0.1243770885474708,0.11521148136828585,0.28714523753892696
g_pres,asp_cir_n,numeric,0.11808938169320049,0.11161346864851669,0.29672554016991953
g_pres,asp_cir,factor,-0.30000000000000027,0.3025284077570234,0.3288115589583458
g_pres,su,numeric,0.02098495671797001,0.021274382510904296,0.3301783545537753
g_pres,k,numeric,-8.884065671215047e-4,9.23587825842274e-4,0.342177109235116
g_pres,p_mil,numeric,-4.448111741612757,4.912925510995005,0.37096400518422956
g_pres,p_mgl,numeric,-0.14348747553589528,0.15848146809661304,0.3709640051842298
g_pres,p,numeric,0.008957382785981051,0.010805957607006835,0.41232066993205063
g_pres,nativity,numeric,0.37784106728433303,0.525373153872214,0.47642602906591425
g_pres,elev,numeric,2.2519333102309386e-4,3.5254976214795327e-4,0.5268131043089705
g_pres,mn,numeric,0.008167996678429492,0.013118486976024196,0.5372448065984272
g_pres,cr,numeric,-1.2196336077755208,1.962433018955223,0.5379877083452693
g_pres,asp,factor,-0.16666666666666677,0.30280087195309663,0.5858557205938419
g_pres,nativ,numeric,0.0027431714710167026,0.0050001711848173995,0.5864784658754971
g_pres,asp_cir_deg,numeric,3.6946341882544974e-4,8.152839356858211e-4,0.6530024451457959
g_pres,asp_cir_rad,numeric,0.021168694583172547,0.04671232861961278,0.6530024451457959
g_pres,b_b,numeric,0.5039544459464818,1.2038308586070583,0.6778464475754274
g_pres,k_mgl,numeric,-0.003279978304203294,0.008598758791116165,0.7049955548020336
g_pres,k_mil,numeric,-0.1282471516943487,0.33621146873264207,0.7049955548020339
g_pres,slp_shp,numeric,-0.039443155452436235,0.15595194079324068,0.8016943045784015
g_pres,b,numeric,-0.5225147401171629,3.3795784916840907,0.8779475033949985
g_pres,co,numeric,0.14457558425563877,1.106997429672087,0.8967794705571919
g_pres,sar,numeric,-0.01454200472857074,0.18286961311237704,0.9370354086979283
g_pres,asp_deg,numeric,-1.1720581340834761e-5,8.268596998052361e-4,0.9887646762241371
g_pres,asp_rad,numeric,-6.715398442695843e-4,0.047375571048294235,0.9887646762241377
g_pres,soil_txtr,factor,-1.114993269019277e-15,0.42043748259126124,0.9999999999999979
g_repro,plant,numeric,-71.45435766628063,34.61131036327183,0.045846503026287955
g_repro,nonnativ,numeric,-55.49833833630128,27.866908849212518,0.05364397354780328
g_repro,asp_rad,numeric,556.5845412590522,360.9724518908214,0.13138455201508262
g_repro,asp_deg,numeric,9.714232810672684,6.300157794491666,0.13138455201508284
g_repro,asp_cir_rad,numeric,540.464595052424,357.2726535126782,0.1386160628896819
g_repro,asp_cir_deg,numeric,9.432886674122653,6.235584131133123,0.13861606288968228
g_repro,ca,numeric,-14.958542297358015,10.251043822366958,0.1527217838004373
g_repro,rel_infil,factor,2428.9924908424923,1739.4803711124312,0.17114822161177629
g_repro,hlf_sat,numeric,-14489.817910700454,10776.207684651323,0.1867221904923466
g_repro,mg,numeric,-4.980543046906762,3.7586359643195273,0.1930531269711101
g_repro,wt_g,numeric,-50.91955817674569,39.58862376056632,0.20614927761659532
g_repro,wt_lbs,numeric,-0.5302274828201179,0.4122379902044026,0.20614927761659535
g_repro,salin,numeric,-8209.216437943625,6466.076632896107,0.21195376132403965
g_repro,cation,numeric,-746.7600034935986,603.1212010716641,0.22325218240424458
g_repro,ca_mgl,numeric,-105.45898476360676,85.98191787769542,0.22754702516526643
g_repro,ca_mil,numeric,-2109.179695272135,1719.6383575539087,0.22754702516526643
g_repro,dstrb,integer,107.48222378617845,93.06038090818772,0.2553128384970772
g_repro,al,numeric,207.30793385280833,182.43314673859138,0.2629258104288948
g_repro,li,numeric,-14792.970948188738,13050.501045459332,0.2640979416380773
g_repro,sr,numeric,-899.4835424107232,810.7813998252539,0.2742279658523987
g_repro,anion,numeric,-836.2204736470968,756.1117789861901,0.2757017079153888
g_repro,nativity,numeric,4294.345366460369,4095.4927643628794,0.30100693111804716
g_repro,moist,numeric,-17362.840544839994,17191.286986019713,0.3188934141769957
g_repro,na,numeric,-15.393837069989079,15.367262945044839,0.3228108248429289
g_repro,slp_shp_cir,numeric,1143.1595564732495,1157.9265872401993,0.3297663122139822
g_repro,su_mgl,numeric,-162.6702266914081,169.12741840269393,0.34222049869061677
g_repro,su_mil,numeric,-2602.7236270625294,2706.038694443103,0.34222049869061677
g_repro,cl,numeric,-40.83403212186851,43.12863407433094,0.34972476061542435
g_repro,cl_mgl,numeric,-40.83403212186851,43.12863407433094,0.34972476061542435
g_repro,cl_mil,numeric,-1449.6081403263308,1531.0665096387481,0.3497247606154247
g_repro,na_mgl,numeric,-71.54630440055556,75.94248042610285,0.3520866399874738
g_repro,na_mil,numeric,-1645.565001212778,1746.6770498003661,0.3520866399874739
g_repro,gyps,numeric,-13.591937814366396,14.510178765975569,0.3548193424402386
g_repro,asp_cir_n,numeric,816.7043168560623,879.5182962890697,0.358967265572707
g_repro,asp_n,numeric,795.6039058111572,868.940849049875,0.3656497786600763
g_repro,cu,numeric,-279.8903970831306,309.60103206124126,0.37167225514481195
g_repro,mo,numeric,-30428.5715708779,34908.07129284147,0.3888587051338921
g_repro,zn,numeric,-283.95070551921737,340.37752586145086,0.4093691797700223
g_repro,p_mil,numeric,-30934.80469209906,38676.35321336895,0.42877673186639564
g_repro,p_mgl,numeric,-997.8969255515823,1247.62429720545,0.42877673186639587
g_repro,bare,integer,47.69804279726646,60.20029862733797,0.43309150562493093
g_repro,mg_mgl,numeric,-79.29294933138652,101.70113608562073,0.4404164888518426
g_repro,mg_mil,numeric,-959.4446869097767,1230.5837466360113,0.4404164888518427
g_repro,slp_deg_cir,integer,-70.3698820627522,94.68285440840478,0.4619209452663844
g_repro,b_b,numeric,6957.962504319727,9409.320934938447,0.46416219175589946
g_repro,ph,numeric,-1185.5413533801086,1626.167962430867,0.47044699976077664
g_repro,as,numeric,-5935.868541854045,9239.344009206314,0.5244348636269285
g_repro,pb,numeric,-871.0144346108187,1409.2888493858356,0.5402276036315758
g_repro,fe,numeric,7.222137627198882,11.839106924454924,0.5454769857738431
g_repro,ni,numeric,-143.04441323871396,235.8942106205449,0.547860094366265
g_repro,asp_e,numeric,-548.5164739188476,930.0586083719818,0.5588385774874183
g_repro,cr,numeric,9005.745223115902,15422.230645768183,0.5627074362068332
g_repro,asp_cir_e,numeric,-527.4316294343508,914.6601802691227,0.567581589838257
g_repro,n,numeric,-50.968322296040505,90.00935607471891,0.5745491236026962
g_repro,n_mgl,numeric,-50.968322296040505,90.00935607471891,0.5745491236026962
g_repro,n_mil,numeric,-713.5565121445669,1260.1309850460646,0.5745491236026963
g_repro,ba,numeric,-185.97890199159602,357.739646946254,0.6061681394059703
g_repro,elev,numeric,1.421239591727724,2.774221281138885,0.6114044976355587
g_repro,slp_deg,integer,-47.70413780620577,99.62290236829782,0.6347913920622905
g_repro,k,numeric,-3.419865991952142,7.320738830167259,0.6430619073202368
g_repro,nativ,numeric,17.223680001200517,39.327915099552435,0.66390162546707
g_repro,b,numeric,-10140.815219019212,26500.86988433854,0.7041041849716836
g_repro,cd,numeric,-197.9861343806204,530.1002891359918,0.7108608570473949
g_repro,su,numeric,61.44660577119395,168.92282158118212,0.7180566772509798
g_repro,k_mgl,numeric,-24.44745929189585,67.54832376594543,0.7194126484131389
g_repro,k_mil,numeric,-955.8956583131276,2641.139459248466,0.7194126484131389
g_repro,hrb_ht,numeric,-13.925778055670946,49.92274888124897,0.7817983735327371
g_repro,sar,numeric,-380.5448230608126,1435.0677513164899,0.7923075048017124
g_repro,p,numeric,17.515787476078525,85.58776125985172,0.8389355269140374
g_repro,co,numeric,-1482.960034303959,8693.086641908241,0.8654506585633577
g_repro,slp_shp,numeric,-176.64814130185385,1225.5569808029404,0.8861539816562558
g_repro,mn,numeric,14.449769766748059,103.53155321046165,0.8897378480144602
g_repro,dstrb_cir,integer,5.953462160166681,67.10888296263732,0.9297755279663584
g_repro,asp,factor,160.18333333333356,2361.543683746556,0.9463430820758556
g_repro,slp_pos,numeric,-69.70930476057477,1084.1550750502977,0.9490697851490923
g_repro,organic,factor,48.96190476190452,2811.592881932672,0.986202264193506
g_repro,asp_cir,factor,-18.10000000000116,2570.7776738023267,0.9944261145071105
g_repro,soil_txtr,factor,-5.461334235227268e-12,3739.0748048119276,0.9999999999999989
g_veg,al,numeric,2.5341152181959536,0.806690780975816,0.0032519196056613486
g_veg,pb,numeric,-16.172078087722124,6.395589280258403,0.015724433988079406
g_veg,slp_pos,numeric,12.28312159709618,4.902194779978538,0.01662548447107899
g_veg,rel_infil,factor,-18.944444444444464,7.981880976378448,0.02308198535599458
g_veg,dstrb_cir,integer,0.7108094386992226,0.30660378586363185,0.025909927809235685
g_veg,li,numeric,-133.42502661694078,61.03903034212256,0.03505440112496178
g_veg,dstrb,integer,0.9433257214033628,0.43602599183480334,0.03686022403437478
g_veg,cu,numeric,-2.940743528466845,1.4508020157604025,0.04972272207387364
g_veg,na,numeric,-0.1454554884405417,0.07222978265380185,0.051152386231397
g_veg,hrb_ht,numeric,-0.4266645074723548,0.23387874453553306,0.0759777820069907
g_veg,cation,numeric,-5.119243544757111,2.8852880829142826,0.08403343799284166
g_veg,mo,numeric,-288.87524608403163,165.5652964640954,0.08910673173596867
g_veg,salin,numeric,-53.22796836897837,31.042566038371703,0.09455052690253149
g_veg,moist,numeric,-137.48139106739288,82.04638658604688,0.10201661490979305
g_veg,na_mgl,numeric,-0.6058655455027973,0.3618427531070191,0.10226666466765331
g_veg,na_mil,numeric,-13.934907546564338,8.3223833214614409,0.10226666466765337
g_veg,ca_mgl,numeric,-0.6858750495586178,0.413155194089382,0.10512756658148084
g_veg,ca_mil,numeric,-13.717500991172352,8.263103881787641,0.10512756658148091
g_veg,slp_deg,integer,-0.7758166206779625,0.4711717493427084,0.10789355348980291
g_veg,slp_deg_cir,integer,-0.7279365302253736,0.4502332932142538,0.11419452510564031
g_veg,ca,numeric,-0.07657680015594136,0.04989128068801771,0.13309993082177662
g_veg,as,numeric,-65.68296974763982,44.06851704460802,0.14435437308759314
g_veg,elev,numeric,0.018995491778349666,0.013232662937425806,0.15932538071556196
g_veg,anion,numeric,-4.974667956063816,3.661367185201236,0.18225540622908765
g_veg,ni,numeric,-1.500726005930153,1.1309716249022954,0.1924487733252294
g_veg,zn,numeric,-2.1721944141529117,1.6389584442872396,0.1929686211775165
g_veg,mg,numeric,-0.024285504103378437,0.01834543087555559,0.19348149098974876
g_veg,cl,numeric,-0.2748248608405209,0.20824588482209652,0.194826635079509
g_veg,cl_mgl,numeric,-0.2748248608405209,0.20824588482209652,0.194826635079509
g_veg,cl_mil,numeric,-9.756282559838485,7.392728911184425,0.19482663507950918
g_veg,gyps,numeric,-0.09129222675308526,0.07008463684207564,0.2005508173916333
g_veg,hlf_sat,numeric,-68.10004523190655,52.68594268600531,0.203965849246561
g_veg,b_b,numeric,58.46949978896348,45.26998461635127,0.20430603389382027
g_veg,ba,numeric,-2.213829155541752,1.7150062178683336,0.20455150497903174
g_veg,su_mgl,numeric,-1.0103260050022942,0.8192068793847467,0.22503942944353578
g_veg,su_mil,numeric,-16.165216080036707,13.107310070155947,0.22503942944353578
g_veg,asp_n,numeric,5.038558944772104,4.208902227256031,0.2386748993244425
g_veg,asp_cir_n,numeric,5.0277833263311615,4.263752733170223,0.24565225405993907
g_veg,mg_mil,numeric,-6.739559088547148,5.954372492684048,0.26478251891864596
g_veg,mg_mgl,numeric,-0.5569883544253837,0.49209690022182195,0.2647825189186461
g_veg,ph,numeric,-8.884715950395028,7.861054585229913,0.2654673857792644
g_veg,sr,numeric,-4.431575700591127,3.9559330887644664,0.2696439397188924
g_veg,wt_g,numeric,-0.21260747156185697,0.19434321736033622,0.2808503759711308
g_veg,wt_lbs,numeric,-0.0022138904678571177,0.0020237040271726863,0.2808503759711308
g_veg,b,numeric,134.88393961280366,127.73013300973906,0.2976326689175834
g_veg,bare,integer,0.285746786486179,0.2925852090344925,0.3349302566463789
g_veg,sar,numeric,-6.648174182814997,6.927108263486892,0.3432567467358423
g_veg,asp_e,numeric,4.010695318310366,4.513376140245,0.37979580630134824
g_veg,asp_cir_e,numeric,3.5236572276360345,4.44705060821447,0.43307084058875855
g_veg,fe,numeric,0.04182064644437456,0.05766723897413297,0.47276798403336684
g_veg,asp_cir,factor,-8.749999999999996,12.209235426000259,0.4787757657550432
g_veg,slp_shp_cir,numeric,4.059447983014874,5.685456228808266,0.4795866555181004
g_veg,cd,numeric,-1.8021194774458127,2.5754461264136572,0.4883570227399656
g_veg,k,numeric,-0.022207347803010674,0.03565095270513006,0.5370641422349622
g_veg,n_mil,numeric,-3.4980458998900987,6.1500441187977355,0.5728493490555577
g_veg,n,numeric,-0.24986042142072132,0.4392888656284097,0.572849349055558
g_veg,n_mgl,numeric,-0.24986042142072132,0.4392888656284097,0.572849349055558
g_veg,asp_rad,numeric,-0.9106080288295799,1.810043830664238,0.6178073724207882
g_veg,asp_deg,numeric,-0.01589310829817161,0.03159122445050166,0.6178073724207883
g_veg,organic,factor,6.809523809523771,13.659543153912406,0.6211515514448854
g_veg,p,numeric,0.19354070809256385,0.4167742335659049,0.6450267555941054
g_veg,asp,factor,-5.416666666666661,11.927083333333334,0.6527874684863199
g_veg,plant,numeric,-0.06931065762435738,0.17779262839094445,0.6988314749062675
g_veg,su,numeric,0.3075861731526686,0.8243808038656427,0.7111385914585782
g_veg,nativity,numeric,-5.2412122051474705,20.257992353150332,0.7972451586094842
g_veg,asp_cir_deg,numeric,-0.007836061348111885,0.031310977475621206,0.803730082921476
g_veg,asp_cir_rad,numeric,-0.44897324325240434,1.793986861782279,0.8037300829214762
g_veg,nonnativ,numeric,-0.03186255038106884,0.14283736428096355,0.8246767982382527
g_veg,co,numeric,-8.764842077958717,42.420445306349535,0.837411072203744
g_veg,p_mil,numeric,-37.30442005934945,190.2523498629652,0.8455934534773734
g_veg,p_mgl,numeric,-1.2033683890112712,6.137172576224684,0.8455934534773736
g_veg,k_mgl,numeric,-0.03970521382289957,0.33018550376796296,0.9049176970560224
g_veg,k_mil,numeric,-1.5524738604753687,12.910253197327354,0.9049176970560228
g_veg,nativ,numeric,-0.02311655958778042,0.19239355161239427,0.9049954068668065
g_veg,cr,numeric,-5.39117649742303,75.60261467951365,0.9435255098519946
g_veg,slp_shp,numeric,-0.3526682134570845,5.982891687443269,0.9533039318150934
g_veg,mn,numeric,-0.004713555003866569,0.5054315144774045,0.9926079824101086
g_veg,soil_txtr,factor,2.0483433776643528e-14,17.834033467486172,0.9999999999999991
