resp,pred,type,mdl,f,r.squared,adj.r.squared,sigma,statistic,p.value,df,logLik,AIC,BIC,deviance,df.residual,nobs
g_cnt,slp_shp_cir,numeric,lm2,g_cnt ~ slp_shp_cir + I(slp_shp_cir^2),0.2855935763655875,0.24697701292588958,186.8046396692903,7.395623818560621,0.0019860445740063994,2,-264.40084502344575,536.8016900468915,543.5572078633472,1291151.0158730154,37,40
g_cnt,plant,numeric,lm1,g_cnt ~ plant,0.16799903624041124,0.1461042740362115,198.9234402985816,7.673024017049466,0.008623992245767377,1,-267.44847658372674,540.8969531674535,545.9635915297953,1503680.3338084873,38,40
g_cnt,plant,numeric,lm2,g_cnt ~ plant + I(plant^2),0.19989565241797574,0.15664676876489347,197.69163730355126,4.6219840960849625,0.01615149249816244,2,-266.6666476728106,541.3332953456212,548.0888131620769,1446033.388011078,37,40
g_cnt,hlf_sat,numeric,lm2,g_cnt ~ hlf_sat + I(hlf_sat^2),0.19442846299094457,0.1508840555850497,198.3659103413667,4.465061636471451,0.01832002622973634,2,-266.80284478724684,541.6056895744937,548.3612073909494,1455914.272265688,37,40
g_cnt,al,numeric,lm2,g_cnt ~ al + I(al^2),0.18338834899736858,0.13924717867290204,199.72055724740804,4.15458737612401,0.023566119773152365,2,-267.07507752966296,542.1501550593259,548.9056728757816,1475867.136526962,37,40
g_cnt,wt_lbs,numeric,lm1,g_cnt ~ wt_lbs,0.11937600163210142,0.09620168588557765,204.6535606692116,5.151220123942985,0.0289890002653227,1,-268.5844195048546,543.1688390097092,548.235477372051,1591557.0359942934,38,40
g_cnt,wt_g,numeric,lm1,g_cnt ~ wt_g,0.11937600163210131,0.09620168588557754,204.6535606692116,5.151220123942979,0.02898900026532276,1,-268.5844195048546,543.1688390097092,548.235477372051,1591557.0359942936,38,40
g_cnt,dstrb_cir,integer,lm1,g_cnt ~ dstrb_cir,0.11154827036602993,0.0881679616914518,205.56111536333216,4.771034973003518,0.03518267133496942,1,-268.7614109637909,543.5228219275818,548.5894602899236,1605704.141677852,38,40
g_cnt,hlf_sat,numeric,lm1,g_cnt ~ hlf_sat,0.10349492869092637,0.07990268997226646,206.49066465500619,4.3868210187729675,0.04293941000508799,1,-268.9418835963314,543.8837671926628,548.9504055550046,1620258.9944073167,38,40
g_cov,al,numeric,lm2,g_cov ~ al + I(al^2),0.25845671995161457,0.21837329940845873,3.132398490966274,6.447970668405061,0.00395845139888268,2,-100.87027058457352,209.74054116914704,216.4960589856028,363.0410513296883,37,40
g_cov,plant,numeric,lm1,g_cov ~ plant,0.12067400387757034,0.0975338460848747,3.365834629235208,5.2149170700842244,0.02807263336486057,1,-104.27871403259178,214.55742806518356,219.62406642752538,430.4960245516385,38,40
g_cov,plant,numeric,lm2,g_cov ~ plant + I(plant^2),0.1651771093551887,0.12005154769871251,3.323578406474667,3.660388996653806,0.03544014196867681,2,-103.23999192913902,214.47998385827805,221.2355016747338,408.70841668743344,37,40
g_cov,nonnativ,numeric,lm1,g_cov ~ nonnativ,0.1065542427816206,0.08304251232850535,3.3927504235625556,4.531960886252096,0.03980877734302211,1,-104.5973125133466,215.1946250266932,220.261263389035,437.40870659018816,38,40
g_flwr,al,numeric,lm2,g_flwr ~ al + I(al^2),0.5202019839432599,0.49426695604830106,22.054671398125986,20.057891822987912,1.257712233349974e-6,2,-178.93928786859635,365.8785757371927,372.6340935536484,17997.11562773471,37,40
g_flwr,dstrb_cir,integer,lm1,g_flwr ~ dstrb_cir,0.2514238961458449,0.2317245249917882,27.183064206048545,12.763041732632612,9.80625853968678e-4,1,-187.83544103635506,381.67088207271013,386.7375204350519,28078.92122594599,38,40
g_flwr,pb,numeric,lm1,g_flwr ~ pb,0.23456471604567278,0.21442168225740088,27.487463782886042,11.644954703012388,0.0015417736226467358,1,-188.28087697224177,382.56175394448354,387.62839230682533,28711.305278187927,38,40
g_flwr,pb,numeric,lm2,g_flwr ~ pb + I(pb^2),0.2687119653436878,0.22918288238929263,27.22799118164707,6.797829477949212,0.0030594027286201413,2,-187.36813176738855,382.7362635347771,389.4917813512328,27430.449640150473,37,40
g_flwr,wt_g,numeric,lm1,g_flwr ~ wt_g,0.20231696172847716,0.18132530282659487,28.060513222076814,9.637969189292457,0.003591652395304674,1,-189.10621002738483,384.21242005476967,389.27905841711146,29920.91128688121,38,40
g_flwr,wt_lbs,numeric,lm1,g_flwr ~ wt_lbs,0.20231696172847718,0.18132530282659498,28.060513222076814,9.637969189292457,0.003591652395304674,1,-189.10621002738483,384.21242005476967,389.27905841711146,29920.91128688121,38,40
g_flwr,moist,numeric,lm2,g_flwr ~ moist + I(moist^2),0.2574399399512756,0.21730155832702036,27.43703394674754,6.413809663808325,0.00406007769639311,2,-187.67405868661638,383.34811737323275,390.1036351896885,27853.260776414143,37,40
g_flwr,dstrb_cir,integer,lm2,g_flwr ~ dstrb_cir + I(dstrb_cir^2),0.2556579322571511,0.21542322589267282,27.46993613864664,6.354164236746157,0.004244166807188024,2,-187.72199751228624,383.4439950245725,390.1995128410282,27920.10348406902,37,40
g_flwr,li,numeric,lm1,g_flwr ~ li,0.18931830353849602,0.16798457468424577,28.28821961937388,8.874130951597804,0.005017764897489919,1,-189.4294934451969,384.8589868903938,389.9256252527356,30408.48803088931,38,40
g_flwr,na,numeric,lm1,g_flwr ~ na,0.1891710049113564,0.16783339977744471,28.290789448367676,8.865615598571019,0.0050367166290134595,1,-189.43312705990724,384.86625411981447,389.93289248215626,30414.013169251128,38,40
g_flwr,asp_cir,factor,lm1,g_flwr ~ asp_cir,0.4414633696594201,0.3192834817724183,25.58721808182098,3.6132245436966492,0.005587104878214221,7,-181.97838762662485,381.9567752532497,397.15669034027513,20950.583333333325,32,40
g_flwr,cu,numeric,lm1,g_flwr ~ cu,0.17960767683937212,0.1580184051772503,28.457138339264972,8.319302274309349,0.006427865543041441,1,-189.667636933812,385.335273867624,390.4019122299658,30772.731453482444,38,40
g_flwr,ph,numeric,lm2,g_flwr ~ ph + I(ph^2),0.23803057896360302,0.19684304269136543,27.793301516516294,5.779189543902065,0.006544018854330336,2,-188.19011205957426,384.3802241191485,391.13574193560424,28581.30153995552,37,40
g_flwr,dstrb,integer,lm1,g_flwr ~ dstrb,0.17884914291306173,0.15723990983182645,28.4702910206357,8.27651505450088,0.006552956093301073,1,-189.68612037035942,385.37224074071884,390.43887910306063,30801.18389038821,38,40
g_flwr,cu,numeric,lm2,g_flwr ~ cu + I(cu^2),0.2287687594481325,0.18708058428316676,27.96170658774653,5.48761749687683,0.008183052689167945,2,-188.43174858922012,384.86349717844024,391.61901499489596,28928.710306071425,37,40
g_flwr,li,numeric,lm2,g_flwr ~ li + I(li^2),0.2234073991106347,0.18142942068418255,28.05872881770551,5.322014243779205,0.00930197345339895,2,-188.5703013530652,385.1406027061304,391.8961205225861,29129.813726024895,37,40
g_flwr,moist,numeric,lm1,g_flwr ~ moist,0.1631734695394679,0.1411517187378749,28.74075360309505,7.409650168580815,0.009738540498687108,1,-190.06431950880224,386.1286390176045,391.1952773799463,31389.174871605206,38,40
g_flwr,na,numeric,lm2,g_flwr ~ na + I(na^2),0.2198514057722696,0.17768121148968963,28.12289547011352,5.213431180778018,0.010122332753868707,2,-188.66167169861478,385.32334339722956,392.0788612136853,29263.19823604847,37,40
g_flwr,wt_g,numeric,lm2,g_flwr ~ wt_g + I(wt_g^2),0.21732614651414953,0.17501945173113065,28.168374130438504,5.136920944279954,0.010745961397649016,2,-188.7263050537234,385.4526101074468,392.2081279239025,29357.920142637216,37,40
g_flwr,wt_lbs,numeric,lm2,g_flwr ~ wt_lbs + I(wt_lbs^2),0.21732614651414942,0.17501945173113054,28.168374130438508,5.136920944279951,0.010745961397649027,2,-188.7263050537234,385.4526101074468,392.2081279239025,29357.920142637224,37,40
g_flwr,hlf_sat,numeric,lm1,g_flwr ~ hlf_sat,0.1557919346419925,0.13357593292204484,28.867234469461152,7.012600044143326,0.011720811697029555,1,-190.23996330241974,386.4799266048395,391.54656496718127,31666.054584764155,38,40
g_flwr,plant,numeric,lm1,g_flwr ~ plant,0.15190945203717077,0.1295912797223594,28.933538012828656,6.8065363908117655,0.01291676373022552,1,-190.331731726407,386.663463452814,391.7301018151558,31811.68563371243,38,40
g_flwr,hrb_ht,numeric,lm1,g_flwr ~ hrb_ht,0.14824997515246163,0.12583550081436845,28.99589435015148,6.614028636866699,0.014153153586566677,1,-190.417845273684,386.835690547368,391.9023289097098,31948.95178827557,38,40
g_flwr,al,numeric,lm1,g_flwr ~ al,0.1479755040628538,0.12555380680134998,29.0005658461542,6.599656677949855,0.014250433781628529,1,-190.4242891097347,386.8485782194694,391.9152165818112,31959.247137090766,38,40
g_flwr,ca_mgl,numeric,lm1,g_flwr ~ ca_mgl,0.14705928019642903,0.12461347178054549,29.01615452421107,6.551747991057639,0.014579947551291465,1,-190.44578453840768,386.89156907681536,391.95820743915715,31993.61448816999,38,40
g_flwr,ca_mil,numeric,lm1,g_flwr ~ ca_mil,0.14705928019642892,0.12461347178054538,29.01615452421107,6.551747991057634,0.014579947551291491,1,-190.44578453840768,386.89156907681536,391.95820743915715,31993.61448817,38,40
g_flwr,ph,numeric,lm1,g_flwr ~ ph,0.145541739998729,0.12305599631448494,29.04195562119849,6.472622922439155,0.015142259917216678,1,-190.48133664111486,386.96267328222973,392.0293116445715,32050.537079539175,38,40
g_flwr,cation,numeric,lm1,g_flwr ~ cation,0.1423079252937333,0.1197370812225157,29.096860357630582,6.304944770550476,0.016412599859481868,1,-190.5568865150912,387.1137730301824,392.1804113925242,32171.836741515257,38,40
g_flwr,cation,numeric,lm2,g_flwr ~ cation + I(cation^2),0.1930991472364905,0.14948288492494954,28.601015590769542,4.427228217246749,0.01888744563307435,2,-189.3359995932768,386.6719991865536,393.4275170030093,30266.66943446737,37,40
g_flwr,dstrb,integer,lm2,g_flwr ~ dstrb + I(dstrb^2),0.19237541130286287,0.1487200281300447,28.613839312046167,4.406682459785265,0.01920332173267693,2,-189.35393021148866,386.7078604229773,393.46337823943304,30293.816606497156,37,40
g_flwr,nonnativ,numeric,lm1,g_flwr ~ nonnativ,0.1355359050377412,0.11278684990715537,29.21150354587842,5.957869646001924,0.019422437261084426,1,-190.7141789902024,387.4283579804048,392.4949963427466,32425.85369761296,38,40
g_flwr,mg,numeric,lm1,g_flwr ~ mg,0.1324543708873313,0.10962422275278738,29.26352199827307,5.801730681147742,0.02096640187763839,1,-190.7853457361865,387.570691472373,392.6373298347148,32541.44135024965,38,40
g_flwr,rel_infil,factor,lm1,g_flwr ~ rel_infil,0.2254342681398028,0.16088712381811976,28.408618764962046,3.492552157169151,0.025327113280281102,3,-188.51803408569617,387.03606817139234,395.480465441962,29053.78632478633,36,40
g_flwr,hlf_sat,numeric,lm2,g_flwr ~ hlf_sat + I(hlf_sat^2),0.17950572715690372,0.13515468538160136,28.840922298074982,4.047384683010175,0.02572750956890844,2,-189.67012216790064,387.3402443358013,394.095762152257,30776.55556313315,37,40
g_flwr,fe,numeric,lm2,g_flwr ~ fe + I(fe^2),0.1777431977674029,0.1332968841332085,28.87188272349126,3.999053762484759,0.02676937836739139,2,-189.71303871423686,387.4260774284737,394.18159524492944,30842.66764396422,37,40
g_flwr,mg_mgl,numeric,lm2,g_flwr ~ mg_mgl + I(mg_mgl^2),0.1754014934580332,0.1308286012125216,28.912965597015376,3.9351606912090227,0.02821545526673983,2,-189.76991574223322,387.53983148446645,394.29534930092217,30930.504445725204,37,40
g_flwr,mg_mil,numeric,lm2,g_flwr ~ mg_mil + I(mg_mil^2),0.1754014934580325,0.13082860121252082,28.91296559701539,3.9351606912090045,0.028215455266740262,2,-189.76991574223325,387.5398314844665,394.2953493009222,30930.504445725233,37,40
g_flwr,mo,numeric,lm1,g_flwr ~ mo,0.11483066584569046,0.09153673599952439,29.559263647720876,4.929639034891766,0.032439137750596043,1,-191.187562854068,388.375125708136,393.4417640704778,33202.50256102797,38,40
g_flwr,bare,integer,lm2,g_flwr ~ bare + I(bare^2),0.16852009454309608,0.12357523478866883,29.033356478326105,3.749485379726793,0.032904668739604966,2,-189.93612619386954,387.8722523877391,394.6277702041948,31188.62417070974,37,40
g_flwr,hrb_ht,numeric,lm2,g_flwr ~ hrb_ht + I(hrb_ht^2),0.16787249439597052,0.12289262922818522,29.04466062785006,3.7321698001931978,0.03338202950604673,2,-189.95169717956077,387.90339435912153,394.65891217557726,31212.915506518388,37,40
g_flwr,ca_mgl,numeric,lm2,g_flwr ~ ca_mgl + I(ca_mgl^2),0.16733080171588083,0.12232165586268517,29.054112737231808,3.717706669254653,0.03378634753991136,2,-189.96471240713643,387.92942481427286,394.6849426307286,31233.234277067695,37,40
g_flwr,ca_mil,numeric,lm2,g_flwr ~ ca_mil + I(ca_mil^2),0.16733080171588066,0.12232165586268506,29.05411273723181,3.7177066692546483,0.033786347539911506,2,-189.96471240713643,387.92942481427286,394.6849426307286,31233.234277067706,37,40
g_flwr,plant,numeric,lm2,g_flwr ~ plant + I(plant^2),0.1624587636922227,0.11718626443234292,29.138988150978747,3.58846466062439,0.037636972009456225,2,-190.08139355680618,388.16278711361235,394.9183049300681,31415.983327126556,37,40
g_flwr,salin,numeric,lm1,g_flwr ~ salin,0.10733745893054694,0.08384633942871911,29.68411371443772,4.569278144542903,0.03904485009414555,1,-191.35615587776567,388.71231175553135,393.77895011787314,33483.571066443445,38,40
g_flwr,gyps,numeric,lm1,g_flwr ~ gyps,0.10727842120498199,0.08378574807879724,29.68509530238591,4.566462940541687,0.039101917590171405,1,-191.3574785673747,388.7149571347494,393.7815954970912,33485.785558245894,38,40
g_flwr,na_mil,numeric,lm1,g_flwr ~ na_mil,0.09853950022316037,0.07481685549219086,29.83003631012876,4.153815956891135,0.048545269972218974,1,-191.55230807088424,389.1046161417685,394.17125450411027,33813.58051801681,38,40
g_flwr,na_mgl,numeric,lm1,g_flwr ~ na_mgl,0.09853950022316031,0.07481685549219075,29.83003631012876,4.153815956891132,0.04854526997221904,1,-191.55230807088424,389.1046161417685,394.17125450411027,33813.58051801681,38,40
g_fruit,wt_g,numeric,lm2,g_fruit ~ wt_g + I(wt_g^2),0.331055568721697,0.2948964102742212,22.58052907413502,9.155510883987594,5.88458432714694e-4,2,-179.88183008049072,367.76366016098143,374.51917797743715,18865.570850910703,37,40
g_fruit,wt_lbs,numeric,lm2,g_fruit ~ wt_lbs + I(wt_lbs^2),0.3310555687216964,0.29489641027422064,22.58052907413503,9.15551088398757,5.884584327147008e-4,2,-179.88183008049074,367.7636601609815,374.5191779774372,18865.57085091072,37,40
g_fruit,wt_g,numeric,lm1,g_fruit ~ wt_g,0.23840775627847957,0.21836585512791318,23.774391606269795,11.895466128059555,0.0013916008656506436,1,-182.47603617893128,370.95207235786256,376.01871072020435,21478.42445743432,38,40
g_fruit,wt_lbs,numeric,lm1,g_fruit ~ wt_lbs,0.23840775627847943,0.21836585512791307,23.774391606269795,11.895466128059548,0.0013916008656506497,1,-182.47603617893128,370.95207235786256,376.01871072020435,21478.424457434325,38,40
g_fruit,sar,numeric,lm2,g_fruit ~ sar + I(sar^2),0.2106884487891955,0.16802295953455748,24.528066861855454,4.93814678959276,0.012563090352936552,2,-183.19103242142094,374.3820648428419,381.1375826592976,22260.16436724711,37,40
g_fruit,hrb_ht,numeric,lm2,g_fruit ~ hrb_ht + I(hrb_ht^2),0.193718060808315,0.15013525328444022,24.790344267358602,4.444827486209908,0.018621224486935015,2,-183.6164798307422,375.2329596614844,381.98847747794014,22738.763249083902,37,40
g_fruit,hrb_ht,numeric,lm1,g_fruit ~ hrb_ht,0.13301048898685613,0.11019497553914182,25.366180442716225,5.829826678749642,0.020679070657586972,1,-185.06834776787503,376.13669553575005,381.20333389809184,24450.838189592683,38,40
g_fruit,cu,numeric,lm1,g_fruit ~ cu,0.09747752476500529,0.07372693331145275,25.880768539073323,4.104214623692038,0.049839718839830016,1,-185.8716820582975,377.743364116595,382.8100024789368,25452.938846577323,38,40
g_head,al,numeric,lm1,g_head ~ al,0.5608787176597612,0.5493228944402812,6.568971140483974,48.53645707510239,2.7272404480274683e-8,1,-131.02596426489976,268.0519285297995,273.1185668921413,1639.7525100914304,38,40
g_head,al,numeric,lm2,g_head ~ al + I(al^2),0.5620412279257184,0.5383677807865681,6.648331434241173,23.74141900932684,2.325491437411626e-7,2,-130.97294694038706,269.9458938807741,276.70141169722984,1635.4115018022137,37,40
g_head,na,numeric,lm2,g_head ~ na + I(na^2),0.27131878200536197,0.2319306080597059,8.57560630558981,6.888331060477713,0.002863816244780887,2,-141.15517836853945,290.3103567370789,297.0658745535346,2721.017869813453,37,40
g_head,na_mgl,numeric,lm2,g_head ~ na_mgl + I(na_mgl^2),0.2517015785919048,0.21125301527254836,8.690273838278104,6.222756951949738,0.0046814925583392,2,-141.6864885254134,291.3729770508268,298.12849486728254,2794.2717972176515,37,40
g_head,na_mil,numeric,lm2,g_head ~ na_mil + I(na_mil^2),0.2517015785919048,0.21125301527254836,8.690273838278104,6.222756951949737,0.004681492558339206,2,-141.6864885254134,291.3729770508268,298.12849486728254,2794.271797217652,37,40
g_head,mg,numeric,lm2,g_head ~ mg + I(mg^2),0.24471588753733972,0.203889719296115,8.730743349570824,5.9940939372858875,0.005559573326514877,2,-141.87233110236025,291.7446622047205,298.5001800211762,2820.3575391347813,37,40
g_head,asp_n,numeric,lm1,g_head ~ asp_n,0.1682188669943126,0.14632988980995232,9.04085790439098,7.685094903132615,0.008576301439560327,1,-143.8018382736152,293.6036765472304,298.6703149095722,3106.010242600778,38,40
g_head,mg,numeric,lm1,g_head ~ mg,0.16815425001791293,0.14626357238680532,9.041209067415325,7.681546128976785,0.008590292893270858,1,-143.80339191468923,293.60678382937846,298.67342219172025,3106.2515332270973,38,40
g_head,asp_cir_n,numeric,lm1,g_head ~ asp_cir_n,0.16632315766721234,0.1443842933952969,9.051154534009488,7.581210932606348,0.008996168236834752,1,-143.8473683361896,293.6947366723792,298.76137503472097,3113.089139143779,38,40
g_head,na,numeric,lm1,g_head ~ na,0.1619381587584463,0.13988389977840532,9.074927084592312,7.3427159309682715,0.010045755306915703,1,-143.9522892549546,293.9045785099092,298.971216872251,3129.4634604453504,38,40
g_head,na_mgl,numeric,lm1,g_head ~ na_mgl,0.16066105645630366,0.13857318952094322,9.081838984037088,7.273724390248911,0.010373318332411282,1,-143.98274357596102,293.96548715192205,299.03212551426384,3134.23237461508,38,40
g_head,na_mil,numeric,lm1,g_head ~ na_mil,0.16066105645630366,0.13857318952094322,9.081838984037088,7.273724390248911,0.010373318332411282,1,-143.98274357596102,293.96548715192205,299.03212551426384,3134.23237461508,38,40
g_head,li,numeric,lm1,g_head ~ li,0.15775505908247503,0.13559071853201377,9.097547176882083,7.117516477574269,0.011158088777837338,1,-144.05186888796112,294.10373777592224,299.17037613826403,3145.083856152616,38,40
g_head,rel_infil,factor,lm1,g_head ~ rel_infil,0.2554637917539946,0.19341910773349413,8.787970095434492,4.117416274850973,0.013085151254554537,3,-141.58568108023815,293.1713621604763,301.61575943104594,2780.223062337033,36,40
g_head,as,numeric,lm1,g_head ~ as,0.15010464532699971,0.12773897809876278,9.138771920419108,6.711386867881648,0.013512680819354769,1,-144.23271597027022,294.46543194054044,299.53207030288223,3173.651784110749,38,40
g_head,li,numeric,lm2,g_head ~ li + I(li^2),0.20442074184442305,0.1614164576197974,8.960614075780237,4.7534971347660395,0.01454266034654494,2,-142.91186089406213,293.82372178812426,300.57923960458,2970.8263707576234,37,40
g_head,ba,numeric,lm2,g_head ~ ba + I(ba^2),0.19429683758635036,0.1507453152937207,9.017446643850475,4.461309900509069,0.01837548298411455,2,-143.16475917168006,294.3295183433601,301.08503615981584,3008.630727063537,37,40
g_head,slp_shp,numeric,lm1,g_head ~ slp_shp,0.12777366685204838,0.10482034229552328,9.258053965548086,5.566673644046286,0.02354662355168534,1,-144.75143030699738,295.50286061399476,300.56949897633655,3257.039402702024,38,40
g_head,asp_n,numeric,lm2,g_head ~ asp_n + I(asp_n^2),0.18253168389157343,0.13834420734517205,9.083045958934191,4.130846523899056,0.024027699236281945,2,-143.4546942744781,294.9093885489562,301.6649063654119,3052.563784008097,37,40
g_head,asp_cir_n,numeric,lm2,g_head ~ asp_cir_n + I(asp_cir_n^2),0.17985622650084063,0.1355241306360213,9.097897575051258,4.057020607581265,0.025524947281214606,2,-143.5200445436443,295.0400890872886,301.79560690374433,3062.554390586572,37,40
g_head,slp_pos,numeric,lm1,g_head ~ slp_pos,0.12425431091518396,0.10120837172874131,9.276712876274535,5.391592415043789,0.02569157007740659,1,-144.83196616564152,295.66393233128304,300.7305706936248,3270.181267975835,38,40
g_head,p,numeric,lm1,g_head ~ p,0.12371190020394662,0.1006516870514188,9.279585290948232,5.364733594857777,0.026038962173544223,1,-144.84434973340166,295.6886994668033,300.7553378291451,3272.2067205353455,38,40
g_head,cu,numeric,lm1,g_head ~ cu,0.10714886229748058,0.08365277972636154,9.366873153699101,4.560286250831724,0.039227446356666196,1,-145.21884873273643,296.43769746547287,301.50433582781466,3334.05588174458,38,40
g_head,asp_deg,numeric,lm2,g_head ~ asp_deg + I(asp_deg^2),0.15980061833371847,0.11438443554094657,9.208464664794759,3.518583212130961,0.03990925450920512,2,-144.00323583112296,296.00647166224593,302.76198947870165,3137.4453948626256,37,40
g_head,asp_rad,numeric,lm2,g_head ~ asp_rad + I(asp_rad^2),0.1598006183337182,0.11438443554094624,9.20846466479476,3.5185832121309537,0.03990925450920538,2,-144.00323583112296,296.00647166224593,302.76198947870165,3137.4453948626265,37,40
g_head,cu,numeric,lm2,g_head ~ cu + I(cu^2),0.15862769430383206,0.11314811021214743,9.214889962670684,3.4878879715356654,0.04095264318989727,2,-144.0311364964094,296.0622729928188,302.8177908092745,3141.82528989277,37,40
g_head,asp_cir_rad,numeric,lm2,g_head ~ asp_cir_rad + I(asp_cir_rad^2),0.1586109058273509,0.11313041425045112,9.214981897709814,3.4874492409380893,0.04096776321690482,2,-144.03153556609294,296.0630711321859,302.8185889486416,3141.887980879424,37,40
g_head,asp_cir_deg,numeric,lm2,g_head ~ asp_cir_deg + I(asp_cir_deg^2),0.15861090582735082,0.113130414250451,9.214981897709816,3.487449240938087,0.04096776321690484,2,-144.03153556609294,296.0630711321859,302.8185889486416,3141.8879808794245,37,40
g_head,salin,numeric,lm1,g_head ~ salin,0.10380981102161482,0.08022585868007825,9.38437174968188,4.401713907756812,0.042606074660912804,1,-145.293504473846,296.587008947692,301.6536473100338,3346.5244591766404,38,40
g_head,cation,numeric,lm2,g_head ~ cation + I(cation^2),0.15641237358319263,0.11081304242552747,9.22701332161544,3.430146223907928,0.04299408570541967,2,-144.08372699318946,296.1674539863789,302.92297180283464,3150.0976689789454,37,40
g_head,p,numeric,lm2,g_head ~ p + I(p^2),0.1562596724014501,0.11065208712585295,9.227848393182828,3.4261772785646274,0.04313829081553956,2,-144.08734694583222,296.17469389166445,302.93021170812017,3150.6678807999756,37,40
g_head,ba,numeric,lm1,g_head ~ ba,0.1027918270788595,0.07918108568619786,9.389700098817075,4.353604377319893,0.04369322111080327,1,-145.31620961451557,296.63241922903114,301.69905759137293,3350.325781937564,38,40
g_head,cation,numeric,lm1,g_head ~ cation,0.09966981379175892,0.07597691415469987,9.406022571122513,4.206737685912514,0.04720482126508163,1,-145.3856827672971,296.7713655345942,301.838003896936,3361.9839031217143,38,40
g_head,as,numeric,lm2,g_head ~ as + I(as^2),0.15198810983943983,0.10614962929022043,9.251177590139653,3.3157318484028124,0.04736264199256259,2,-144.18834451733684,296.3766890346737,303.1322068511294,3166.6186117591783,37,40
g_head,ni,numeric,lm2,g_head ~ ni + I(ni^2),0.15003541469098114,0.10409138305265586,9.26182268985242,3.2656127322928574,0.049421436972725934,2,-144.23434506063063,296.46869012126126,303.224207937717,3173.910302915808,37,40
g_ht,al,numeric,lm2,g_ht ~ al + I(al^2),0.5592421399973749,0.535417390808044,5.201809847132678,23.47315959354602,2.6163823875343704e-7,2,-121.15857500112895,250.3171500022579,257.0726678187136,1001.1765503718802,37,40
g_ht,al,numeric,lm1,g_ht ~ al,0.5020246773814011,0.48892006362828,5.455912719458709,38.309002221590674,3.1302344570185164e-7,1,-123.59967237029775,253.1993447405955,258.2659831029373,1131.1453768893505,38,40
g_ht,cu,numeric,lm2,g_ht ~ cu + I(cu^2),0.3649387535318491,0.3306111185876248,6.24399066778466,10.631048545138707,2.2495145788302193e-4,2,-128.463090821305,264.92618164261,271.6816994590657,1442.534519997131,37,40
g_ht,pb,numeric,lm1,g_ht ~ pb,0.30186412675358026,0.2834921300892007,6.460014317675022,16.430665227522564,2.4087901471517745e-4,1,-130.35693680645255,266.7138736129051,271.7805119752469,1585.807829413519,38,40
g_ht,na,numeric,lm2,g_ht ~ na + I(na^2),0.34244097169461984,0.30689724043486966,6.353628416145362,9.634356314256744,4.283440936367036e-4,2,-129.15935265210504,266.3187053042101,273.0742231206658,1493.6379798666435,37,40
g_ht,na,numeric,lm1,g_ht ~ na,0.2567336606696787,0.23717402016098588,6.665546091394347,13.12568401017296,8.489990620948703e-4,1,-131.60975081911388,269.21950163822777,274.28614000056956,1688.3211784670934,38,40
g_ht,pb,numeric,lm2,g_ht ~ pb + I(pb^2),0.3160629605831159,0.27909339088490603,6.479813429795257,8.549273447410979,8.867440760968744e-4,2,-129.94597922884992,267.89195845769984,274.64747627415557,1553.5553371433339,37,40
g_ht,cu,numeric,lm1,g_ht ~ cu,0.25475181529187824,0.2351400209574539,6.674426681630374,12.989725006687257,8.960074503725777e-4,1,-131.66300784863864,269.3260156972773,274.3926540596191,1692.8229180814587,38,40
g_ht,moist,numeric,lm2,g_ht ~ moist + I(moist^2),0.3140915375859165,0.27701540448245265,6.489145619930855,8.471529021363107,9.352419499349197e-4,2,-130.0035455560195,268.007091112039,274.76260892849473,1558.0334024367087,37,40
g_ht,li,numeric,lm1,g_ht ~ li,0.23946358814488827,0.219449472043438,6.7425396493779335,11.964734636846426,0.0013528753886472111,1,-132.0691417016471,270.1382834032942,275.204921765636,1727.5499550904733,38,40
g_ht,rel_infil,factor,lm1,g_ht ~ rel_infil,0.34422455130369123,0.28957659724566553,6.432527148815419,6.298946726133429,0.0015113201702919138,3,-129.1050304444177,268.2100608888354,276.65445815940507,1489.5865987289073,36,40
g_ht,li,numeric,lm2,g_ht ~ li + I(li^2),0.2947818833399052,0.2566619851420623,6.5798526766817185,7.733018640553073,0.001563090128067786,2,-130.55880471977375,269.1176094395475,275.8731272560032,1601.8950661329163,37,40
g_ht,cation,numeric,lm2,g_ht ~ cation + I(cation^2),0.28823696901831736,0.2497632916679562,6.610314965362919,7.4917967002083605,0.0018544084558276685,2,-130.74356260104682,269.48712520209364,276.24264301854936,1616.761765828136,37,40
g_ht,wt_g,numeric,lm1,g_ht ~ wt_g,0.22233561275073085,0.20187076045469743,6.818041005246712,10.864266672172613,0.002130889042389184,1,-132.51456295887016,271.0291259177403,276.0957642800821,1766.4559596705728,38,40
g_ht,wt_lbs,numeric,lm1,g_ht ~ wt_lbs,0.22233561275073074,0.20187076045469732,6.818041005246712,10.864266672172606,0.0021308890423891937,1,-132.51456295887016,271.0291259177403,276.0957642800821,1766.4559596705728,38,40
g_ht,slp_pos,numeric,lm1,g_ht ~ slp_pos,0.20623778005172122,0.18534930057939802,6.888247058802526,9.873278728831492,0.0032448416289466418,1,-132.924340819831,271.848681639662,276.9153200020038,1803.0220066378627,38,40
g_ht,ni,numeric,lm2,g_ht ~ ni + I(ni^2),0.2653411241184957,0.2256298335303064,6.715793047479269,6.681755243618578,0.0033310872189900626,2,-131.37678745448366,270.7535749089673,277.50909272542305,1668.7694214931228,37,40
g_ht,moist,numeric,lm1,g_ht ~ moist,0.2009062927030697,0.1798775109320978,6.9113415952042,9.553872159175711,0.003725001461187737,1,-133.05822630608435,272.1164526121687,277.1830909745105,1815.13242053279,38,40
g_ht,cation,numeric,lm1,g_ht ~ cation,0.20049144491115836,0.17945174609303083,6.913135366542265,9.529197477789875,0.003765120536013476,1,-133.06860656916754,272.1372131383351,277.2038515006769,1816.074742653223,38,40
g_ht,ca_mgl,numeric,lm1,g_ht ~ ca_mgl,0.1984544564612368,0.17736115268390085,6.921936409817728,9.408410297227606,0.003968265229815631,1,-133.11949778017052,272.23899556034104,277.30563392268283,1820.7017391392928,38,40
g_ht,ca_mil,numeric,lm1,g_ht ~ ca_mil,0.19845445646123666,0.17736115268390074,6.921936409817729,9.408410297227597,0.003968265229815648,1,-133.11949778017052,272.23899556034104,277.30563392268283,1820.701739139293,38,40
g_ht,mg,numeric,lm1,g_ht ~ mg,0.18816094793885974,0.16679676235830332,6.9662406395797465,8.80730731482253,0.005168557361665324,1,-133.37470408920984,272.7494081784197,277.8160465407615,1844.0833286442323,38,40
g_ht,salin,numeric,lm1,g_ht ~ salin,0.17818873680335917,0.1565621246139739,7.0088949026213525,8.239327327042805,0.006663790511872681,1,-133.6188771513697,273.2377543027394,278.3043926650812,1866.73509472768,38,40
g_ht,na_mgl,numeric,lm1,g_ht ~ na_mgl,0.1773304465272716,0.15568124775167336,7.012553952306339,8.191085885688734,0.006810564583864434,1,-133.63975402254562,273.27950804509123,278.346146407433,1868.6846914922758,38,40
g_ht,na_mil,numeric,lm1,g_ht ~ na_mil,0.1773304465272716,0.15568124775167336,7.012553952306339,8.191085885688734,0.006810564583864434,1,-133.63975402254562,273.27950804509123,278.346146407433,1868.6846914922758,38,40
g_ht,ca_mgl,numeric,lm2,g_ht ~ ca_mgl + I(ca_mgl^2),0.23287703260421305,0.19141092625849498,6.862572290465914,5.616081497081772,0.007413140528649593,2,-132.24160413519223,272.48320827038447,279.2387260868402,1742.5112423492114,37,40
g_ht,ca_mil,numeric,lm2,g_ht ~ ca_mil + I(ca_mil^2),0.23287703260421275,0.19141092625849465,6.862572290465915,5.616081497081762,0.0074131405286496505,2,-132.24160413519226,272.4832082703845,279.23872608684024,1742.5112423492121,37,40
g_ht,mg_mgl,numeric,lm2,g_ht ~ mg_mgl + I(mg_mgl^2),0.23219264978879223,0.19068954977737573,6.865632803380404,5.594585699018166,0.007536451488983846,2,-132.259439025882,272.518878051764,279.2743958682197,1744.0658102615632,37,40
g_ht,mg_mil,numeric,lm2,g_ht ~ mg_mil + I(mg_mil^2),0.2321926497887915,0.19068954977737496,6.865632803380406,5.594585699018144,0.007536451488983963,2,-132.25943902588202,272.51887805176403,279.27439586821976,1744.0658102615648,37,40
g_ht,wt_g,numeric,lm2,g_ht ~ wt_g + I(wt_g^2),0.2294735594505616,0.18782348158302442,6.8777789343055495,5.5095589540162,0.008045806851417607,2,-132.33014131913654,272.6602826382731,279.4158004547288,1750.2421935595557,37,40
g_ht,wt_lbs,numeric,lm2,g_ht ~ wt_lbs + I(wt_lbs^2),0.2294735594505614,0.1878234815830242,6.87777893430555,5.509558954016194,0.008045806851417644,2,-132.33014131913654,272.6602826382731,279.4158004547288,1750.2421935595564,37,40
g_ht,asp_cir,factor,lm1,g_ht ~ asp_cir,0.4183189145233761,0.2910761770753646,6.4257345912993635,3.2875661347217697,0.009526932609886471,7,-126.70710860277865,271.4142172055573,286.6141322925827,1321.2820812102782,32,40
g_ht,hrb_ht,numeric,lm1,g_ht ~ hrb_ht,0.16321722802824282,0.14119662876582806,7.0724497160992295,7.412024808372325,0.009727828093802926,1,-133.9799520160717,273.9599040321434,279.0265423944852,1900.7427094965788,38,40
g_ht,bare,integer,lm2,g_ht ~ bare + I(bare^2),0.2202537899500114,0.1781053461635257,6.91880476493013,5.2256683797334365,0.010026181037297069,2,-132.56803181401423,273.13606362802847,279.8915814444842,1771.184796883135,37,40
g_ht,na_mil,numeric,lm2,g_ht ~ na_mil + I(na_mil^2),0.218149067789814,0.17588685523791214,6.928136229495709,5.161799504034639,0.010538850136491616,2,-132.62194388589748,273.24388777179496,279.9994055882507,1775.9656497346878,37,40
g_ht,na_mgl,numeric,lm2,g_ht ~ na_mgl + I(na_mgl^2),0.21814906778981383,0.17588685523791192,6.92813622949571,5.161799504034635,0.010538850136491645,2,-132.62194388589748,273.24388777179496,279.9994055882507,1775.965649734688,37,40
g_ht,mg,numeric,lm2,g_ht ~ mg + I(mg^2),0.21399246643426825,0.1715055727280126,6.9465280521493815,5.036670082632094,0.011625030715388071,2,-132.72798945530445,273.4559789106089,280.2114967270646,1785.4073232340363,37,40
g_ht,salin,numeric,lm2,g_ht ~ salin + I(salin^2),0.20762721262184836,0.1647962511419484,6.974598556870832,4.847596351982073,0.013495740318126313,2,-132.88930135801712,273.77860271603424,280.53412053248996,1799.8659260916736,37,40
g_ht,hlf_sat,numeric,lm1,g_ht ~ hlf_sat,0.14911378145875148,0.12672203886556077,7.131801519421761,6.659320097047581,0.013851231954900779,1,-134.31423024170496,274.6284604834099,279.6950988457517,1932.7785306722087,38,40
g_ht,slp_pos,numeric,lm2,g_ht ~ slp_pos + I(slp_pos^2),0.20624675587400648,0.16334117511043933,6.98067141926386,4.8069913564516655,0.013937407432881195,2,-132.92411465958278,273.84822931916557,280.6037471356213,1803.0016181579108,37,40
g_ht,as,numeric,lm1,g_ht ~ as,0.14553980174789607,0.12305400705705116,7.146763687190334,6.472522041089037,0.015142991573062961,1,-134.39806036344865,274.7961207268973,279.8627590892391,1940.8967856206104,38,40
g_ht,dstrb_cir,integer,lm1,g_ht ~ dstrb_cir,0.1403858583291028,0.11776443354828958,7.168285250551079,6.205880473460473,0.017216736737499367,1,-134.5183342356193,275.0366684712386,280.1033068335804,1952.6039104641893,38,40
g_ht,ba,numeric,lm2,g_ht ~ ba + I(ba^2),0.19708538668570671,0.1536845967768261,7.020840724711225,4.5410552918387985,0.017233885467845364,2,-133.15362938766373,274.30725877532745,281.0627765917832,1823.8115658252548,37,40
g_ht,plant,numeric,lm1,g_ht ~ plant,0.13635438964008842,0.1136268735779854,7.185074710285798,5.999528908812563,0.019031574212563896,1,-134.61191214316398,275.22382428632795,280.29046264866975,1961.761346510765,38,40
g_ht,gyps,numeric,lm1,g_ht ~ gyps,0.13602332524062447,0.11328709695748296,7.186451718689559,5.982668873072651,0.019188728530151508,1,-134.61957734652162,275.23915469304325,280.30579305538504,1962.5133555921327,38,40
g_ht,ph,numeric,lm1,g_ht ~ ph,0.13462177310299456,0.11184866186886278,7.192278325801881,5.911435276407341,0.01986834679415798,1,-134.6519952716831,275.3039905433662,280.370628905708,1965.6969656003816,38,40
g_ht,as,numeric,lm2,g_ht ~ as + I(as^2),0.19065541543595854,0.14690705951357796,7.048897122126773,4.358001836096971,0.01997418670564334,2,-133.31315721915016,274.6263144383003,281.38183225475603,1838.4171736181027,37,40
g_ht,fe,numeric,lm2,g_ht ~ fe + I(fe^2),0.18900341702341467,0.14516576388954539,7.056087403583363,4.3114401322133835,0.02074206309143877,2,-133.35393872906994,274.7078774581399,281.4633952745956,1842.1696695392886,37,40
g_ht,anion,numeric,lm1,g_ht ~ anion,0.13271744451346884,0.10989421936908639,7.200187546345738,5.815017100952328,0.020829990402945534,1,-134.69595839188943,275.39191678377887,280.45855514612066,1970.022626696986,38,40
g_ht,dstrb,integer,lm1,g_ht ~ dstrb,0.13254387601741996,0.10971608328103621,7.2009079939065765,5.8062501945782605,0.02091989200956709,1,-134.69996057385913,275.39992114771826,280.46655951006005,1970.4168855948903,38,40
g_ht,p,numeric,lm2,g_ht ~ p + I(p^2),0.1880274293858771,0.14413702016349217,7.060331924178626,4.284020876478391,0.021208752911616755,2,-133.3779931050395,274.755986210079,281.51150402653474,1844.3866145443067,37,40
g_ht,asp_n,numeric,lm1,g_ht ~ asp_n,0.13114133236287515,0.10827663058295078,7.206727025244364,5.735536532473817,0.021660566740211575,1,-134.73227139598345,275.4645427919669,280.5311811543087,1973.6027478227243,38,40
g_ht,slp_deg_cir,integer,lm1,g_ht ~ slp_deg_cir,0.1298323234619894,0.10693317407941005,7.2121537532570335,5.66974437752525,0.022375217842630232,1,-134.7623804084776,275.5247608169552,280.591399179297,1976.5761469035417,38,40
g_ht,dstrb_cir,integer,lm2,g_ht ~ dstrb_cir + I(dstrb_cir^2),0.18279052417456826,0.13861703899481526,7.083063519089502,4.138014544941326,0.02388733966329035,2,-133.50657108095908,275.01314216191815,281.7686599783739,1856.2821861718926,37,40
g_ht,nonnativ,numeric,lm1,g_ht ~ nonnativ,0.12684837380158642,0.10387069942794391,7.22450900752022,5.520505327862655,0.024092722822884095,1,-134.83084641054137,275.66169282108274,280.72833118342453,1983.35415519015,38,40
g_ht,ph,numeric,lm2,g_ht ~ ph + I(ph^2),0.18185562607781963,0.13763160586581002,7.087113918641123,4.112145960634167,0.024397989643450326,2,-133.52943825918456,275.0588765183691,281.81439433482484,1858.405796744479,37,40
g_ht,asp_cir_n,numeric,lm1,g_ht ~ asp_cir_n,0.12495037182575705,0.10192275003169793,7.232356836239282,5.426108390315556,0.025252502507612865,1,-134.87427396710717,275.74854793421434,280.81518629655613,1987.6654454544885,38,40
g_ht,su_mgl,numeric,lm2,g_ht ~ su_mgl + I(su_mgl^2),0.18006345395758097,0.13574255957690973,7.094871950304879,4.062721578021857,0.025405896023811905,2,-133.57320100163432,275.14640200326863,281.90191981972436,1862.4766956752492,37,40
g_ht,su_mil,numeric,lm2,g_ht ~ su_mil + I(su_mil^2),0.18006345395758097,0.13574255957690973,7.094871950304879,4.062721578021857,0.025405896023811905,2,-133.57320100163432,275.14640200326863,281.90191981972436,1862.4766956752492,37,40
g_ht,dstrb,integer,lm2,g_ht ~ dstrb + I(dstrb^2),0.17964773717194135,0.13530437161366804,7.0966703111773795,4.051287828747659,0.025645255893628698,2,-133.5833386503774,275.1666773007548,281.92219511721055,1863.4209917052185,37,40
g_ht,ni,numeric,lm1,g_ht ~ ni,0.12303788188346594,0.099959931406715,7.240255965547651,5.331404190654466,0.02647714833313103,1,-134.91793784563927,275.83587569127855,280.90251405362034,1992.0096449726375,38,40
g_ht,asp,factor,lm1,g_ht ~ asp,0.3645953394648195,0.2256005699727487,6.715919941662587,2.6230867592871445,0.029263049386016378,7,-128.47390304612745,274.9478060922549,290.1477211792803,1443.3145812102787,32,40
g_ht,mo,numeric,lm1,g_ht ~ mo,0.11822788282815487,0.09502335342889578,7.260084645078194,5.095034714728145,0.029824330852020662,1,-135.0273349552526,276.0546699105052,281.121308272847,2002.9355040406067,38,40
g_ht,hrb_ht,numeric,lm2,g_ht ~ hrb_ht + I(hrb_ht^2),0.17270394955749757,0.12798524412817325,7.1266415418160145,3.8620069140965407,0.02997281914948527,2,-133.75191415688937,275.50382831377874,282.25934613023446,1879.1937276248966,37,40
g_ht,ca,numeric,lm1,g_ht ~ ca,0.11391562539782304,0.090597615539871,7.27781551337108,4.885306511652193,0.03318172366870576,1,-135.12490545383187,276.24981090766374,281.31644927000553,2012.7307485732608,38,40
g_ht,cl,numeric,lm1,g_ht ~ cl,0.10779291606783349,0.08431378228014486,7.302916530493014,4.591009065434743,0.038607392378173656,1,-135.26262716406245,276.5252543281249,281.5918926904667,2026.6384143512284,38,40
g_ht,cl_mgl,numeric,lm1,g_ht ~ cl_mgl,0.10779291606783349,0.08431378228014486,7.302916530493014,4.591009065434743,0.038607392378173656,1,-135.26262716406245,276.5252543281249,281.5918926904667,2026.6384143512284,38,40
g_ht,cl_mil,numeric,lm1,g_ht ~ cl_mil,0.10779291606783341,0.08431378228014474,7.302916530493014,4.591009065434739,0.03860739237817373,1,-135.26262716406245,276.5252543281249,281.5918926904667,2026.6384143512284,38,40
g_ht,ba,numeric,lm1,g_ht ~ ba,0.10704649617927062,0.08354771976293562,7.305970699549199,4.555407238347019,0.039326914142445935,1,-135.2793521564734,276.5587043129468,281.6253426752886,2028.3338987815137,38,40
g_ht,zn,numeric,lm1,g_ht ~ zn,0.10670872266281772,0.08320105746973394,7.307352367284646,4.5393160820672565,0.03965692340552951,1,-135.28691603627402,276.57383207254804,281.64047043488983,2029.1011475470998,38,40
g_ht,hlf_sat,numeric,lm2,g_ht ~ hlf_sat + I(hlf_sat^2),0.15710254372988197,0.11154051906663243,7.19352589280137,3.448102776183277,0.042347984878988755,2,-134.125568097209,276.251136194418,283.0066540108737,1914.6321465049386,37,40
g_ht,anion,numeric,lm2,g_ht ~ anion + I(anion^2),0.15651578017143072,0.11092203855907579,7.196029260503206,3.4328347408324507,0.042896691592290905,2,-134.139485790705,276.27897158141,283.03448939786574,1915.9649733666777,37,40
g_perf,al,numeric,lm2,g_perf ~ al + I(al^2),0.215819437825251,0.17343129932931878,3614.2056691555285,5.09150544192832,0.011135182811517009,2,-382.90340564043623,773.8068112808725,780.5623290973282,483311856.9013706,37,40
g_pres,wt_g,numeric,lm1,g_pres ~ wt_g,0.3612122520372921,0.3444020481435366,0.4094896626780838,21.487678217363715,4.1169305782926545e-5,1,-20.017930649515684,46.03586129903137,51.10249966137317,6.371907785928012,38,40
g_pres,wt_lbs,numeric,lm1,g_pres ~ wt_lbs,0.36121225203729196,0.3444020481435365,0.4094896626780838,21.4876782173637,4.116930578292662e-5,1,-20.017930649515687,46.035861299031374,51.10249966137319,6.371907785928013,38,40
g_pres,wt_g,numeric,lm2,g_pres ~ wt_g + I(wt_g^2),0.3976189795143337,0.3650578432718653,0.4029871797083766,12.21145897837963,8.46483852156936e-5,2,-18.8442893116129,45.6885786232258,52.444096439681545,6.008750679344522,37,40
g_pres,wt_lbs,numeric,lm2,g_pres ~ wt_lbs + I(wt_lbs^2),0.3976189795143333,0.36505784327186486,0.4029871797083767,12.211458978379609,8.464838521569466e-5,2,-18.844289311612915,45.68857862322583,52.44409643968157,6.008750679344526,37,40
g_pres,cu,numeric,lm2,g_pres ~ cu + I(cu^2),0.3765990640236119,0.34290171613299636,0.40995795223955,11.175925928832266,1.596606249469904e-4,2,-19.530283296542574,47.06056659308515,53.81608440954089,6.218424336364471,37,40
g_pres,moist,numeric,lm2,g_pres ~ moist + I(moist^2),0.3724275498009158,0.3385047146550194,0.41132729096202514,10.978668150794801,1.806265552247599e-4,2,-19.663668378298333,47.327336756596665,54.08285457305241,6.260035190735865,37,40
g_pres,hrb_ht,numeric,lm2,g_pres ~ hrb_ht + I(hrb_ht^2),0.3583624262783431,0.3236793141852806,0.4159110741061717,10.332476085674683,2.721830500749825e-4,2,-20.106958269210807,48.213916538421614,54.96943435487736,6.400334797873528,37,40
g_pres,cu,numeric,lm1,g_pres ~ cu,0.2973966967215548,0.278907136108964,0.42945706084612445,16.084573503549855,2.736779764041455e-4,1,-21.92233474832686,49.84466949665372,54.91130785899553,7.0084679502024905,38,40
g_pres,hrb_ht,numeric,lm1,g_pres ~ hrb_ht,0.2889267926830602,0.2702143398589302,0.4320378651469066,15.440348488707198,3.4797122837611027e-4,1,-22.161993689391526,50.32398737878305,55.390625741124865,7.092955242986474,38,40
g_pres,pb,numeric,lm1,g_pres ~ pb,0.28456746252126786,0.2657402904823538,0.43336017478324795,15.114721527645974,3.933903740155369e-4,1,-22.28423206797838,50.56846413595676,55.635102498298565,7.136439561350353,38,40
g_pres,dstrb_cir,integer,lm1,g_pres ~ dstrb_cir,0.26010267373408097,0.24063169146392516,0.4407074405371479,13.358477252211078,7.74476888443592e-4,1,-22.956714487433633,51.913428974867266,56.98006733720908,7.380475829502542,38,40
g_pres,al,numeric,lm1,g_pres ~ al,0.24935024382524185,0.22959630287327448,0.4438981425911512,12.62281002213934,0.0010371837172979232,1,-23.245269382572946,52.49053876514589,57.557177127487705,7.4877313178432114,38,40
g_pres,moist,numeric,lm1,g_pres ~ moist,0.2490474408662433,0.2292855314153549,0.44398766511313253,12.602397631927625,0.0010457006258175934,1,-23.25333551193399,52.50667102386798,57.573309386209786,7.490751777359222,38,40
g_pres,al,numeric,lm2,g_pres ~ al + I(al^2),0.306612724753092,0.2691323314965024,0.4323580245204669,8.180616533397359,0.0011430192562825853,2,-21.658259558540223,51.316519117080446,58.07203693353619,6.9165380705879045,37,40
g_pres,pb,numeric,lm2,g_pres ~ pb + I(pb^2),0.29295513819603863,0.2547364970174463,0.4365953193498873,7.6652421216935425,0.0016397172101011775,2,-22.04836827453005,52.0967365490601,58.85225436551584,7.052772496494514,37,40
g_pres,ni,numeric,lm2,g_pres ~ ni + I(ni^2),0.2758327933120655,0.23668861997758261,0.44185016069447536,7.046586242992094,0.002552811830359536,2,-22.526932205488443,53.053864410976885,59.80938222743263,7.2235678867121464,37,40
g_pres,hlf_sat,numeric,lm1,g_pres ~ hlf_sat,0.21390873709794084,0.19322212491630775,0.4542564875836013,10.340443143602911,0.0026575856985109436,1,-24.167943846810253,54.335887693620506,59.40252605596231,7.84126034744804,38,40
g_pres,ca_mgl,numeric,lm1,g_pres ~ ca_mgl,0.21263325653901555,0.19191307907951594,0.4546248675100257,10.262134914367225,0.0027475404342634665,1,-24.200368756357094,54.40073751271419,59.46737587505599,7.853983266023319,38,40
g_pres,ca_mil,numeric,lm1,g_pres ~ ca_mil,0.2126332565390154,0.19191307907951582,0.45462486751002573,10.262134914367216,0.0027475404342634786,1,-24.200368756357094,54.40073751271419,59.46737587505599,7.853983266023321,38,40
g_pres,dstrb_cir,integer,lm2,g_pres ~ dstrb_cir + I(dstrb_cir^2),0.27239117151083625,0.2330609645654761,0.44289886784680765,6.925749765040847,0.002786841436875743,2,-22.621757527439662,53.243515054879325,59.99903287133507,7.257898064179408,37,40
g_pres,na,numeric,lm1,g_pres ~ na,0.20295716958181875,0.1819823582550244,0.4574098195106578,9.676233383923288,0.003532670345636355,1,-24.44465425963041,54.88930851926082,59.95594688160263,7.950502233421357,38,40
g_pres,rel_infil,factor,lm1,g_pres ~ rel_infil,0.29331876700297727,0.2344286642532255,0.4425037758516023,4.980782055168228,0.005420237927271931,3,-22.038079752126883,54.076159504253766,62.52055677482345,7.049145299145302,36,40
g_pres,hlf_sat,numeric,lm2,g_pres ~ hlf_sat + I(hlf_sat^2),0.23537598227338882,0.1940449542881667,0.454024781346014,5.6948978466624824,0.006978897316628001,2,-23.614170580077438,55.228341160154876,61.98385897661062,7.627124576822945,37,40
g_pres,cation,numeric,lm1,g_pres ~ cation,0.17192697104479715,0.150135575545976,0.46622866718032335,7.889672373396098,0.007809563623108057,1,-25.208512916127912,56.417025832255824,61.48366419459764,8.260028463828148,38,40
g_pres,li,numeric,lm1,g_pres ~ li,0.16910668873728368,0.14724107528300157,0.46702194188973933,7.733910100023605,0.008386298755949163,1,-25.276513934740407,56.553027869480815,61.61966623182262,8.288160779845596,38,40
g_pres,na,numeric,lm2,g_pres ~ na + I(na^2),0.22550625729741738,0.18364173066484546,0.4569456494813721,5.386571291647326,0.008847720545718368,2,-23.870677535379663,55.741355070759326,62.49687288721507,7.725575083458261,37,40
g_pres,ca_mgl,numeric,lm2,g_pres ~ ca_mgl + I(ca_mgl^2),0.22407491844408606,0.18213302214376637,0.4573676943093427,5.342508045883902,0.00915516392813684,2,-23.9076053445,55.815210689,62.57072850545574,7.739852688520242,37,40
g_pres,ca_mil,numeric,lm2,g_pres ~ ca_mil + I(ca_mil^2),0.2240749184440859,0.18213302214376625,0.45736769430934276,5.342508045883895,0.009155163928136882,2,-23.9076053445,55.815210689,62.57072850545574,7.739852688520243,37,40
g_pres,mg_mgl,numeric,lm2,g_pres ~ mg_mgl + I(mg_mgl^2),0.22009341902591725,0.1779363065408318,0.45853963680293136,5.220789709062319,0.010064398458150802,2,-24.00996881236268,56.01993762472536,62.7754554411811,7.779568145216475,37,40
g_pres,mg_mil,numeric,lm2,g_pres ~ mg_mil + I(mg_mil^2),0.22009341902591661,0.17793630654083115,0.4585396368029315,5.2207897090622994,0.010064398458150962,2,-24.00996881236269,56.01993762472538,62.77545544118112,7.779568145216481,37,40
g_pres,bare,integer,lm2,g_pres ~ bare + I(bare^2),0.21123043278605536,0.16859423996368006,0.46113773615005443,4.954251747243297,0.012404455395842326,2,-24.235970350302594,56.47194070060519,63.22745851706093,7.8679764329590975,37,40
g_pres,mg,numeric,lm1,g_pres ~ mg,0.14859226311518547,0.1261867963550587,0.4727520818909884,6.631964631936335,0.014032750416724311,1,-25.76430873384311,57.52861746768622,62.59525583002802,8.492792175426024,38,40
g_pres,gyps,numeric,lm1,g_pres ~ gyps,0.14599093255517634,0.12351700972768098,0.4734737376077645,6.496014677800978,0.014973631256264271,1,-25.825322148765846,57.65064429753169,62.717282659873504,8.518740447762116,38,40
g_pres,cation,numeric,lm2,g_pres ~ cation + I(cation^2),0.20030023293171612,0.15707321849559264,0.46432180058679745,4.633681866410176,0.016001066719645605,2,-24.511213243062564,57.02242648612513,63.77794430258087,7.977005176506131,37,40
g_pres,ni,numeric,lm1,g_pres ~ ni,0.14154720167295257,0.11895633855908283,0.4747039704498478,6.265683650929193,0.016726344227498562,1,-25.929119867017736,57.85823973403547,62.924878096377284,8.563066663312298,38,40
g_pres,as,numeric,lm2,g_pres ~ as + I(as^2),0.19786318092364527,0.15450443394654512,0.46502876314082714,4.56339711634531,0.01692763756700438,2,-24.572069735154063,57.144139470308126,63.89965728676387,8.001314770286637,37,40
g_pres,slp_deg_cir,integer,lm1,g_pres ~ slp_deg_cir,0.13866812647007531,0.11600149821928774,0.4754993341757749,6.117721830341381,0.017968141425279065,1,-25.996083550078943,57.992167100157886,63.05880546249969,8.591785438460999,38,40
g_pres,slp_pos,numeric,lm1,g_pres ~ slp_pos,0.13613434675618272,0.11340104009187169,0.47619820870778384,5.988321398483575,0.01913588509690234,1,-26.054831177441066,58.10966235488213,63.17630071722394,8.617059891107077,38,40
g_pres,zn,numeric,lm1,g_pres ~ zn,0.1338846185065692,0.11109210846726836,0.47681787680625565,5.874062061427801,0.020235276901974776,1,-26.10684861515019,58.21369723030038,63.28033559264219,8.639500930396972,38,40
g_pres,soil_txtr,factor,lm1,g_pres ~ soil_txtr,0.23444976076555005,0.1706539074960126,0.46056618647183833,3.6749999999999963,0.020845125402928506,3,-23.638382766807045,57.27676553361409,65.72116280418376,7.6363636363636385,36,40
g_pres,salin,numeric,lm1,g_pres ~ salin,0.13202736934332804,0.10918598432604709,0.4773288337691076,5.7801822982030915,0.021189696898663422,1,-26.14968957501782,58.29937915003564,63.366017512377454,8.658026990800302,38,40
g_pres,ph,numeric,lm1,g_pres ~ ph,0.1293611306616445,0.10644958146852979,0.47806140107868816,5.646110159173354,0.022638134645770643,1,-26.21103141640819,58.42206283281638,63.488701195158185,8.684622721650097,38,40
g_pres,plant,numeric,lm1,g_pres ~ plant,0.1284174122082577,0.1054810283190013,0.47832042533779834,5.598851712122313,0.023173942889860497,1,-26.232698433349668,58.465396866699336,63.53203522904114,8.694036313222629,38,40
g_pres,zn,numeric,lm2,g_pres ~ zn + I(zn^2),0.1835948023230872,0.13946479163784875,0.46914648916157003,4.1603162898054675,0.023456141810628262,2,-24.92470187171696,57.84940374343392,64.60492155988966,8.143641846827204,37,40
g_pres,nonnativ,numeric,lm1,g_pres ~ nonnativ,0.12486115957758015,0.10183119009277952,0.47929525932444317,5.421681503311886,0.02530835790241446,1,-26.314136892555673,58.62827378511135,63.69491214745315,8.729509933213638,38,40
g_pres,li,numeric,lm2,g_pres ~ li + I(li^2),0.17858266038868967,0.13418172311240273,0.4705843969634794,4.022047086020959,0.026268273328200958,2,-25.04711214430266,58.09422428860532,64.84974210506107,8.19363796262282,37,40
g_pres,fe,numeric,lm2,g_pres ~ fe + I(fe^2),0.171550651621982,0.12676960576371088,0.4725943992665675,3.830876397235727,0.030755321595989697,2,-25.217599890972036,58.43519978194407,65.19071759839981,8.26378225007073,37,40
g_pres,sr,numeric,lm2,g_pres ~ sr + I(sr^2),0.1688577940643403,0.12393118833808858,0.47336185530699576,3.758525518113467,0.03265831153343268,2,-25.28250405161163,58.56500810322326,65.32052591967901,8.290643504208205,37,40
g_pres,asp_cir,factor,lm1,g_pres ~ asp_cir,0.3475355054302423,0.2048088972431077,0.4509827232463197,2.4349734772269986,0.040465403913472725,7,-20.44162038706098,58.88324077412196,74.08315586114739,6.508333333333332,32,40
g_pres,ph,numeric,lm2,g_pres ~ ph + I(ph^2),0.15850403531659596,0.11301776695533094,0.4763011268638881,3.484656821212748,0.041064136738736476,2,-25.530110286468428,59.060220572936856,65.8157383893926,8.393922247716956,37,40
g_pres,slp_deg,integer,lm1,g_pres ~ slp_deg,0.10429215428854385,0.08072089519087389,0.4848951530993656,4.424547448076438,0.04210050595401167,1,-26.77877181678366,59.55754363356732,64.62418199590913,8.934685760971774,38,40
g_pres,slp_pos,numeric,lm2,g_pres ~ slp_pos + I(slp_pos^2),0.15570745044429263,0.11007001533317329,0.47709192784693766,3.4118361398963746,0.04366361631076209,2,-25.596467066434467,59.192934132868935,65.94845194932468,8.42181818181818,37,40
g_pres,anion,numeric,lm1,g_pres ~ anion,0.10081583646865282,0.07715309532309089,0.4858352014078216,4.260530757974422,0.04588388218644313,1,-26.856243266847688,59.712486533695376,64.77912489603719,8.969362031225186,38,40
g_pres,mo,numeric,lm1,g_pres ~ mo,0.09890020155379395,0.07518704896310424,0.48635244123179755,4.1706897121989845,0.048113384555246455,1,-26.89880623309773,59.79761246619546,64.86425082853727,8.988470489500905,38,40
g_repro,al,numeric,lm2,g_repro ~ al + I(al^2),0.23503510730784508,0.19368565364880974,3566.7487917733984,5.684116391136085,0.0070366803929270095,2,-382.37470078869904,772.7494015773981,779.5049193938538,470702786.9138289,37,40
g_repro,plant,numeric,lm1,g_repro ~ plant,0.10084874827571141,0.07718687323033535,3815.726261691509,4.262077628350048,0.045846503026288,1,-385.6071272659389,777.2142545318778,782.2808928942196,553271142.3581659,38,40
g_veg,al,numeric,lm1,g_veg ~ al,0.20615378325928466,0.1852630933450553,17.498782142960923,9.868213261777745,0.0032519196056613555,1,-170.2169269075175,346.433853815035,351.50049217737677,11635.880306498708,38,40
g_veg,al,numeric,lm2,g_veg ~ al + I(al^2),0.2598409795334793,0.2198323838325864,17.123521722259845,6.494628841163737,0.0038239585169405977,2,-168.81643280417333,345.63286560834666,352.3883834248024,10848.954858390078,37,40
g_veg,dstrb_cir,integer,lm2,g_veg ~ dstrb_cir + I(dstrb_cir^2),0.21998401929674105,0.17782099331278123,17.578520552971618,5.217462792647507,0.01009054813609729,2,-169.86541984258153,347.73083968516306,354.4863575016188,11433.16223875609,37,40
g_veg,pb,numeric,lm1,g_veg ~ pb,0.14402787493274596,0.12150229269413393,18.17060742574883,6.393969017407345,0.015724433988079406,1,-171.7238879202393,349.4477758404786,354.5144142028204,12546.497020385783,38,40
g_veg,slp_pos,numeric,lm1,g_veg ~ slp_pos,0.1417902094632597,0.11920574129124017,18.19434254591775,6.27821777264286,0.016625484471078915,1,-171.77610330578577,349.55220661157153,354.6188449739133,12579.295825771325,38,40
g_veg,dstrb_cir,integer,lm1,g_veg ~ dstrb_cir,0.12391252850154566,0.10085759504105996,18.382872264431754,5.374664330041207,0.025909927809235598,1,-172.18845047668668,350.37690095337337,355.44353931571516,12841.339722235743,38,40
g_veg,li,numeric,lm2,g_veg ~ li + I(li^2),0.17178500925104234,0.12701663137272035,18.11348911156121,3.8371953015126983,0.030594764137258115,2,-171.06458711838138,350.12917423676276,356.8846920532185,12139.644048401924,37,40
g_veg,dstrb,integer,lm2,g_veg ~ dstrb + I(dstrb^2),0.1677639922255749,0.12277826207560605,18.15740672902087,3.729271297060203,0.033462646867985564,2,-171.1614529672209,350.3229059344418,357.0784237508975,12198.582507554416,37,40
g_veg,li,numeric,lm1,g_veg ~ li,0.11169594173227425,0.08831951914628144,18.510598361383348,4.778145215393341,0.035054401124961734,1,-172.46541353834618,350.93082707669237,355.99746543903416,13020.405564465018,38,40
g_veg,dstrb,integer,lm1,g_veg ~ dstrb,0.10966509041530201,0.08623522437359943,18.53174585657972,4.680568391646381,0.03686022403437472,1,-172.51108558840752,351.02217117681505,356.08880953915684,13050.17297072867,38,40
g_veg,rel_infil,factor,lm1,g_veg ~ rel_infil,0.19526184951629758,0.1282003369759891,18.101204621155524,2.9116827539332926,0.04756618102709671,3,-170.4894706035178,350.9789412070356,359.4233384776053,11795.529914529916,36,40
g_veg,slp_pos,numeric,lm2,g_veg ~ slp_pos + I(slp_pos^2),0.15068223993013857,0.1047731718182543,18.342801813746405,3.282189034264708,0.04873026863662372,2,-171.56779953125093,351.13559906250185,357.8911168789576,12448.960000000003,37,40
g_veg,cu,numeric,lm2,g_veg ~ cu + I(cu^2),0.14985759728088255,0.1039039538906601,18.351704598708622,3.2610601951262765,0.0496130635451472,2,-171.58720905274566,351.1744181054913,357.92993592194705,12461.047282095738,37,40
g_veg,cu,numeric,lm1,g_veg ~ cu,0.09757235631457707,0.07382426042811852,18.65717262248903,4.108639142316004,0.04972272207387358,1,-172.7809019673092,351.5618039346184,356.6284422969602,13227.423430083456,38,40
